-- MySQL dump 10.15  Distrib 10.0.34-MariaDB, for debian-linux-gnu (x86_64)
--
-- Host: localhost    Database: c1lexicon
-- ------------------------------------------------------
-- Server version	10.0.31-MariaDB-0ubuntu0.16.04.2

/*!40101 SET @OLD_CHARACTER_SET_CLIENT=@@CHARACTER_SET_CLIENT */;
/*!40101 SET @OLD_CHARACTER_SET_RESULTS=@@CHARACTER_SET_RESULTS */;
/*!40101 SET @OLD_COLLATION_CONNECTION=@@COLLATION_CONNECTION */;
/*!40101 SET NAMES utf8mb4 */;
/*!40103 SET @OLD_TIME_ZONE=@@TIME_ZONE */;
/*!40103 SET TIME_ZONE='+00:00' */;
/*!40014 SET @OLD_UNIQUE_CHECKS=@@UNIQUE_CHECKS, UNIQUE_CHECKS=0 */;
/*!40014 SET @OLD_FOREIGN_KEY_CHECKS=@@FOREIGN_KEY_CHECKS, FOREIGN_KEY_CHECKS=0 */;
/*!40101 SET @OLD_SQL_MODE=@@SQL_MODE, SQL_MODE='NO_AUTO_VALUE_ON_ZERO' */;
/*!40111 SET @OLD_SQL_NOTES=@@SQL_NOTES, SQL_NOTES=0 */;

--
-- Table structure for table `accounts`
--

DROP TABLE IF EXISTS `accounts`;
/*!40101 SET @saved_cs_client     = @@character_set_client */;
/*!40101 SET character_set_client = utf8 */;
CREATE TABLE `accounts` (
  `ID` int(11) NOT NULL AUTO_INCREMENT,
  `FirstName` varchar(32) NOT NULL,
  `LastName` varchar(32) NOT NULL,
  `Username` varchar(32) NOT NULL,
  `Password` varchar(50) NOT NULL,
  `DateCreated` timestamp NOT NULL DEFAULT CURRENT_TIMESTAMP,
  `Deleted` bit(1) NOT NULL DEFAULT b'0',
  `DateDeleted` timestamp NULL DEFAULT NULL,
  PRIMARY KEY (`ID`)
) ENGINE=InnoDB AUTO_INCREMENT=8 DEFAULT CHARSET=latin1;
/*!40101 SET character_set_client = @saved_cs_client */;

--
-- Dumping data for table `accounts`
--

LOCK TABLES `accounts` WRITE;
/*!40000 ALTER TABLE `accounts` DISABLE KEYS */;
INSERT INTO `accounts` VALUES (1,'Admin','','admin','admin','2017-11-08 21:04:06','\0',NULL),(6,'Scott','Stargel','sstargel@nazarene.org','Extra5!dayz','2017-11-09 20:52:57','\0',NULL),(7,'Angel','Sigui','asigui@nazarene.org','GUATEchapin7','2018-02-28 20:26:50','\0',NULL);
/*!40000 ALTER TABLE `accounts` ENABLE KEYS */;
UNLOCK TABLES;

--
-- Table structure for table `baseform`
--

DROP TABLE IF EXISTS `baseform`;
/*!40101 SET @saved_cs_client     = @@character_set_client */;
/*!40101 SET character_set_client = utf8 */;
CREATE TABLE `baseform` (
  `BaseFormID` int(11) NOT NULL AUTO_INCREMENT,
  `BaseName` varchar(50) CHARACTER SET utf8 DEFAULT NULL,
  `Comment` text,
  `Deleted` bit(1) DEFAULT b'0',
  `DateDeleted` datetime DEFAULT NULL,
  PRIMARY KEY (`BaseFormID`)
) ENGINE=InnoDB AUTO_INCREMENT=97 DEFAULT CHARSET=latin1;
/*!40101 SET character_set_client = @saved_cs_client */;

--
-- Dumping data for table `baseform`
--

LOCK TABLES `baseform` WRITE;
/*!40000 ALTER TABLE `baseform` DISABLE KEYS */;
INSERT INTO `baseform` VALUES (1,'chair',NULL,'\0',NULL),(2,'member',NULL,'\0',NULL),(3,'membership',NULL,'\0',NULL),(4,'service',NULL,'\0',NULL),(5,'ministry',NULL,'\0',NULL),(6,'delegate',NULL,'\0',NULL),(7,'budget',NULL,'\0',NULL),(8,'faith',NULL,'\0',NULL),(9,'appoint',NULL,'\0',NULL),(10,'offering',NULL,'\0',NULL),(11,'government',NULL,'\0',NULL),(12,'minister',NULL,'\0',NULL),(13,'pastor',NULL,'\0',NULL),(14,'assistant',NULL,'\0',NULL),(15,'superintendent',NULL,'\0',NULL),(16,'associate',NULL,'\0',NULL),(17,'ballot',NULL,'\0',NULL),(18,'baptism',NULL,'\0',NULL),(19,'bible',NULL,'\0',NULL),(20,'board',NULL,'\0',NULL),(21,'caucus',NULL,'\0',NULL),(22,'certificate',NULL,'\0',NULL),(24,'chaplain',NULL,'\0',NULL),(25,'officer',NULL,'\0',NULL),(26,'school',NULL,'\0',NULL),(27,'children',NULL,'\0',NULL),(28,'christian',NULL,'\0',NULL),(29,'stewardship',NULL,'\0',NULL),(30,'christlike',NULL,'\0',NULL),(31,'committee',NULL,'\0',NULL),(32,'church',NULL,'\0',NULL),(33,'clergy',NULL,'\0',NULL),(34,'college',NULL,'\0',NULL),(35,'evangelist',NULL,'\0',NULL),(36,'missionary',NULL,'\0',NULL),(37,'constituency',NULL,'\0',NULL),(38,'lay',NULL,'\0',NULL),(39,'core',NULL,'\0',NULL),(40,'study',NULL,'\0',NULL),(41,'roll',NULL,'\0',NULL),(42,'credential',NULL,'\0',NULL),(43,'deacon',NULL,'\0',NULL),(44,'district',NULL,'\0',NULL),(45,'assign',NULL,'\0',NULL),(46,'license',NULL,'\0',NULL),(47,'fund',NULL,'\0',NULL),(48,'education',NULL,'\0',NULL),(49,'elder',NULL,'\0',NULL),(50,'santify',NULL,'\0',NULL),(51,'strategy',NULL,'\0',NULL),(52,'pulpit',NULL,'\0',NULL),(53,'commission',NULL,'\0',NULL),(54,'court',NULL,'\0',NULL),(55,'mission',NULL,'\0',NULL),(56,'council',NULL,'\0',NULL),(57,'stand',NULL,'\0',NULL),(58,'commandment',NULL,'\0',NULL),(59,'holiness',NULL,'\0',NULL),(60,'ordain',NULL,'\0',NULL),(61,'international',NULL,'\0',NULL),(62,'leader',NULL,'\0',NULL),(63,'letter',NULL,'\0',NULL),(64,'leave',NULL,'\0',NULL),(65,'minute',NULL,'\0',NULL),(66,'institution',NULL,'\0',NULL),(67,'youth',NULL,'\0',NULL),(68,'nominate',NULL,'\0',NULL),(69,'negotiate',NULL,'\0',NULL),(70,'staff',NULL,'\0',NULL),(71,'outreach',NULL,'\0',NULL),(72,'pension',NULL,'\0',NULL),(73,'area',NULL,'\0',NULL),(74,'give',NULL,'\0',NULL),(75,'plurality',NULL,'\0',NULL),(76,'polity',NULL,'\0',NULL),(77,'protestant',NULL,'\0',NULL),(78,'quadrennium',NULL,'\0',NULL),(79,'team',NULL,'\0',NULL),(80,'region',NULL,'\0',NULL),(81,'resign',NULL,'\0',NULL),(82,'revival',NULL,'\0',NULL),(83,'sacrement',NULL,'\0',NULL),(84,'assess',NULL,'\0',NULL),(85,'sermon',NULL,'\0',NULL),(86,'sole',NULL,'\0',NULL),(87,'steward',NULL,'\0',NULL),(88,'discipleship',NULL,'\0',NULL),(89,'trustee',NULL,'\0',NULL),(90,'vision',NULL,'\0',NULL),(91,'wesleyan',NULL,'\0',NULL),(92,'witness',NULL,'\0',NULL),(93,'evangelism',NULL,'\0',NULL),(94,'vote',NULL,'\0',NULL),(95,'ex oficio',NULL,'\0',NULL),(96,'NYI',NULL,'\0',NULL);
/*!40000 ALTER TABLE `baseform` ENABLE KEYS */;
UNLOCK TABLES;

--
-- Table structure for table `basehasinflection`
--

DROP TABLE IF EXISTS `basehasinflection`;
/*!40101 SET @saved_cs_client     = @@character_set_client */;
/*!40101 SET character_set_client = utf8 */;
CREATE TABLE `basehasinflection` (
  `FKBaseValueID` int(11) NOT NULL,
  `FKInflectionID` int(11) NOT NULL,
  `PartOfSpeechID` int(11) NOT NULL,
  KEY `BI_MM1` (`FKBaseValueID`),
  KEY `ref6` (`FKInflectionID`),
  CONSTRAINT `BI_MM1` FOREIGN KEY (`FKBaseValueID`) REFERENCES `baseform` (`BaseFormID`),
  CONSTRAINT `ref6` FOREIGN KEY (`FKInflectionID`) REFERENCES `inflection` (`InflectionID`)
) ENGINE=InnoDB DEFAULT CHARSET=latin1;
/*!40101 SET character_set_client = @saved_cs_client */;

--
-- Dumping data for table `basehasinflection`
--

LOCK TABLES `basehasinflection` WRITE;
/*!40000 ALTER TABLE `basehasinflection` DISABLE KEYS */;
/*!40000 ALTER TABLE `basehasinflection` ENABLE KEYS */;
UNLOCK TABLES;

--
-- Table structure for table `context`
--

DROP TABLE IF EXISTS `context`;
/*!40101 SET @saved_cs_client     = @@character_set_client */;
/*!40101 SET character_set_client = utf8 */;
CREATE TABLE `context` (
  `FKTermID` int(11) NOT NULL,
  `ContextValue` varchar(50) CHARACTER SET utf8 DEFAULT NULL,
  KEY `ref19` (`FKTermID`),
  CONSTRAINT `ref19` FOREIGN KEY (`FKTermID`) REFERENCES `term` (`TermID`)
) ENGINE=InnoDB DEFAULT CHARSET=latin1;
/*!40101 SET character_set_client = @saved_cs_client */;

--
-- Dumping data for table `context`
--

LOCK TABLES `context` WRITE;
/*!40000 ALTER TABLE `context` DISABLE KEYS */;
INSERT INTO `context` VALUES (291,''),(292,''),(293,'401. There shall be a Global Nazarene Education Co'),(294,''),(295,''),(296,''),(297,''),(298,''),(299,''),(300,'NYI Term'),(301,'NYI Term'),(302,'NYI Term'),(303,'NYI Term'),(304,'also \"Chair of the Global NYI Council\"'),(305,'NYI Term'),(306,'NYI Term'),(307,'NYI Term'),(308,''),(309,''),(310,''),(311,''),(312,'NYI Term'),(313,''),(314,''),(315,''),(316,''),(317,''),(318,'');
/*!40000 ALTER TABLE `context` ENABLE KEYS */;
UNLOCK TABLES;

--
-- Table structure for table `essay`
--

DROP TABLE IF EXISTS `essay`;
/*!40101 SET @saved_cs_client     = @@character_set_client */;
/*!40101 SET character_set_client = utf8 */;
CREATE TABLE `essay` (
  `EssayID` int(11) NOT NULL AUTO_INCREMENT,
  `Title` varchar(50) CHARACTER SET utf8 DEFAULT NULL,
  `DocumentReference` varchar(256) CHARACTER SET utf8 DEFAULT NULL,
  `FKTermID` int(11) DEFAULT NULL,
  `Note` varchar(255) DEFAULT NULL,
  `ManualReference` varchar(32) DEFAULT NULL,
  PRIMARY KEY (`EssayID`),
  KEY `FKTermID` (`FKTermID`),
  CONSTRAINT `essay_ibfk_1` FOREIGN KEY (`FKTermID`) REFERENCES `term` (`TermID`)
) ENGINE=InnoDB AUTO_INCREMENT=319 DEFAULT CHARSET=latin1;
/*!40101 SET character_set_client = @saved_cs_client */;

--
-- Dumping data for table `essay`
--

LOCK TABLES `essay` WRITE;
/*!40000 ALTER TABLE `essay` DISABLE KEYS */;
INSERT INTO `essay` VALUES (1,NULL,'2017 Manual 230.1',1,NULL,NULL),(2,NULL,'2017 Manual 33',2,NULL,NULL),(3,NULL,'2017 Manual 109.5',3,NULL,NULL),(4,NULL,'2017 Manual 113.11',4,NULL,NULL),(5,'','2017 Manual 129.16',5,'',''),(6,NULL,'2017 Manual 25.1',6,NULL,NULL),(7,NULL,'2017 Manual 25.1',7,NULL,NULL),(8,NULL,'2017 Manual 129.6',8,NULL,NULL),(9,NULL,'historical statement',9,NULL,NULL),(10,NULL,'2017 Manual 117.1',10,NULL,NULL),(11,NULL,'2017 Manual 153.1',11,NULL,NULL),(12,NULL,'Constitution  IV.   4',12,NULL,NULL),(13,NULL,'organizational chart',13,NULL,NULL),(14,NULL,'2017 Manual 100.1',14,NULL,NULL),(15,NULL,'2017 Manual 301.1',15,NULL,NULL),(16,NULL,'2017 Manual 538.3',16,NULL,NULL),(17,NULL,'2017 Manual 209.3',17,NULL,NULL),(18,NULL,'2017 Manual 209.3',18,NULL,NULL),(19,NULL,'2017 Manual 100.1',19,NULL,NULL),(20,NULL,'2017 Manual 129.28',20,NULL,NULL),(21,NULL,'2017 Manual 25.4',21,NULL,NULL),(22,NULL,'2017 Manual 231.3',22,NULL,NULL),(23,NULL,'2017 Manual 148',23,NULL,NULL),(24,NULL,'2017 Manual 503.2',24,NULL,NULL),(25,NULL,'2017 Manual 538',25,NULL,NULL),(26,NULL,'2017 Manual 25.4',26,NULL,NULL),(27,NULL,'2017 Manual 32.5',27,NULL,NULL),(28,'','2017 Manual 124',28,'',''),(29,NULL,'2017 Manual 307.6',29,NULL,NULL),(30,NULL,'2017 Manual 305.1',30,NULL,NULL),(31,NULL,'2017 Manual 111.1 com. 503.2 lay',31,NULL,NULL),(32,'','2017 Manual 301',32,'',''),(33,NULL,'2017 Manual 110',33,NULL,NULL),(34,NULL,'2017 Manual 503.1',34,NULL,NULL),(35,NULL,'2017 Manual 211.9',35,NULL,NULL),(36,NULL,'2017 Manual 708',36,NULL,NULL),(37,NULL,'2017 Manual 159.5',37,NULL,NULL),(38,NULL,'2017 Manual 211.14',38,NULL,NULL),(39,NULL,'2017 Manual 148',39,NULL,NULL),(40,NULL,'2017 Manual 148 the word international is left out',40,NULL,NULL),(41,NULL,'2017 Manual 148, international no longer used',41,NULL,NULL),(42,NULL,'2017 Manual 148.2',42,NULL,NULL),(43,NULL,'historical statement',43,NULL,NULL),(44,NULL,'historical statement',44,NULL,NULL),(45,NULL,'2017 Manual 29.1',45,NULL,NULL),(46,NULL,'historial statement',46,NULL,NULL),(47,NULL,'2017 Manual 10.1',47,NULL,NULL),(48,NULL,'2017 Manual 100.2',48,NULL,NULL),(49,NULL,'2017 Manual 129.7',49,NULL,NULL),(50,NULL,'2017 Manual 138.1',50,NULL,NULL),(51,NULL,'2017 Manual 30',51,NULL,NULL),(52,NULL,'2017 Manual 503.2',52,NULL,NULL),(53,NULL,'2017 Manual 104.2',53,NULL,NULL),(54,NULL,'2017 Manual 113.11',54,NULL,NULL),(55,NULL,'2017 Manual 100.1',55,NULL,NULL),(56,NULL,'2017 Manual 117.1',56,NULL,NULL),(57,NULL,'2017 Manual 117.1',57,NULL,NULL),(58,NULL,'2017 Manual 100.1',58,NULL,NULL),(59,NULL,'2017 Manual 205.17',59,NULL,NULL),(60,NULL,'2017 Manual 129.10.',60,NULL,NULL),(61,NULL,'2017 Manual 211.2',61,NULL,NULL),(62,NULL,'2017 Manual 121',62,NULL,NULL),(63,NULL,'2017 Manual 233.6',63,NULL,NULL),(64,NULL,'2017 Manual 205.3',64,NULL,NULL),(65,NULL,'2017 Manual 301',65,NULL,NULL),(66,NULL,'2017 Manual 205.8',66,NULL,NULL),(67,NULL,'2017 Manual 341',67,NULL,NULL),(68,NULL,'2017 Manual 28.3',68,NULL,NULL),(69,NULL,'2017 Manual 225.5',69,NULL,NULL),(70,NULL,'Preamble to Church Government',70,NULL,NULL),(71,NULL,'2017 Manual 145.9',71,NULL,NULL),(72,NULL,'2017 Manual 123.7',72,NULL,NULL),(73,NULL,'2017 Manual 233.1',73,NULL,NULL),(74,NULL,'2017 Manual 233.6',74,NULL,NULL),(75,NULL,'2017 Manual 148',75,NULL,NULL),(76,NULL,'2017 Manual 205.4',76,NULL,NULL),(77,NULL,'2017 Manual 402.4',77,NULL,NULL),(78,NULL,'2017 Manual 205.5',78,NULL,NULL),(79,NULL,'2017 Manual 205.5',79,NULL,NULL),(80,NULL,'2017 Manual 25.1',80,NULL,NULL),(81,NULL,'2017 Manual 201.5',81,NULL,NULL),(82,NULL,'2017 Manual 25.1',82,NULL,NULL),(83,'','',83,'','2017 Manual 32.5'),(84,NULL,'2017 Manual 245.4',84,NULL,NULL),(85,NULL,'2017 Manual 245.2',85,NULL,NULL),(86,NULL,'2017 Manual 604.2',86,NULL,NULL),(87,NULL,'2017 Manual 205.4',87,NULL,NULL),(88,NULL,'2017 Manual 211.9',88,NULL,NULL),(89,NULL,'2017 Manual 103',89,NULL,NULL),(90,NULL,'2017 Manual 205.22',90,NULL,NULL),(91,NULL,'2017 Manual 205.19',91,NULL,NULL),(92,NULL,'2017 Manual 32.4',92,NULL,NULL),(93,NULL,'2017 Manual 526',93,NULL,NULL),(94,NULL,'2017 Manual 531.2',94,NULL,NULL),(95,NULL,'2017 Manual 510.1',95,NULL,NULL),(96,NULL,'2017 Manual 112',96,NULL,NULL),(97,NULL,'2017 Manual 205.16',97,NULL,NULL),(98,NULL,'2017 Manual 200.2',98,NULL,NULL),(99,NULL,'2017 Manual 401',99,NULL,NULL),(100,NULL,'2017 Manual 402.3',100,NULL,NULL),(101,NULL,'2017 Manual 100',101,NULL,NULL),(102,NULL,'2017 Manual 205.23',102,NULL,NULL),(103,NULL,'historical statement',103,NULL,NULL),(104,NULL,'2017 Manual 107.1',104,NULL,NULL),(105,NULL,'2017 Manual 110.7',105,NULL,NULL),(106,NULL,'2017 Manual 302.1',106,NULL,NULL),(107,NULL,'2017 Manual 108',107,NULL,NULL),(108,NULL,'2017 Manual 200.2',108,NULL,NULL),(109,NULL,'2017 Manual 538',109,NULL,NULL),(110,NULL,'2017 Manual 32.5',110,NULL,NULL),(111,NULL,'2017 Manual 113.7',111,NULL,NULL),(112,NULL,'2017 Manual 146',112,NULL,NULL),(113,NULL,'2017 Manual 107',113,NULL,NULL),(114,NULL,'historical statement',114,NULL,NULL),(115,NULL,'2017 Manual 304',115,NULL,NULL),(116,NULL,'2017 Manual 302',116,NULL,NULL),(117,NULL,'2017 Manual 25.3',117,NULL,NULL),(118,NULL,'2017 Manual 305.4',118,NULL,NULL),(119,NULL,'2017 Manual 301',119,NULL,NULL),(120,NULL,'2017 Manual 301',120,NULL,NULL),(121,NULL,'2017 Manual 340',121,NULL,NULL),(122,NULL,'2017 Manual 25.7',122,NULL,NULL),(123,NULL,'historical statement',123,NULL,NULL),(124,NULL,'2017 Manual 100',124,NULL,NULL),(125,NULL,'2017 Manual 100.2',125,NULL,NULL),(126,NULL,'2017 Manual 330.2',126,NULL,NULL),(127,NULL,'2017 Manual 220.6',127,NULL,NULL),(128,NULL,'2017 Manual 200.2',128,NULL,NULL),(129,NULL,'2017 Manual 25',129,NULL,NULL),(130,NULL,'2017 Manual 356.3',130,NULL,NULL),(131,'','',131,'NYI Term','2017 Manual 301'),(132,NULL,'2017 Manual 301',132,NULL,NULL),(133,NULL,'2017 Manual 341',133,NULL,NULL),(134,NULL,'2017 Manual 402.2',134,NULL,NULL),(135,NULL,'2017 Manual 28.1',135,NULL,NULL),(136,NULL,'historical statment',136,NULL,NULL),(137,NULL,'2017 Manual 400.1',137,NULL,NULL),(138,NULL,'2017 Manual 31.1',138,NULL,NULL),(139,NULL,'2017 Manual 240',139,NULL,NULL),(140,NULL,'2017 Manual 109',140,NULL,NULL),(141,NULL,'2017 Manual 109',141,NULL,NULL),(142,NULL,'2017 Manual 109.2',142,NULL,NULL),(143,NULL,'2017 Manual 212.1',143,NULL,NULL),(144,NULL,'2017 Manual 301',144,NULL,NULL),(145,NULL,'2017 Manual 342',145,NULL,NULL),(146,NULL,'2017 Manual 201',146,NULL,NULL),(147,NULL,'2017 Manual 346.7',147,NULL,NULL),(148,NULL,'historical statement',148,NULL,NULL),(149,NULL,'2017 Manual 235.3',149,NULL,NULL),(150,NULL,'2017 Manual 156',150,NULL,NULL),(151,NULL,'historical statement',151,NULL,NULL),(152,NULL,'2017 Manual 24',152,NULL,NULL),(153,NULL,'2017 Manual 25.1',153,NULL,NULL),(154,NULL,'2017 Manual 503.2',154,NULL,NULL),(155,NULL,'2017 Manual 138.2',155,NULL,NULL),(156,NULL,'2017 Manual 112.1',156,NULL,NULL),(157,NULL,'2017 Manual 129.12',157,NULL,NULL),(158,NULL,'2017 Manual 503.2',158,NULL,NULL),(159,NULL,'2017 Manual 201',159,NULL,NULL),(160,NULL,'2017 Manual 159',160,NULL,NULL),(161,NULL,'2017 Manual 503.2',161,NULL,NULL),(162,NULL,'2017 Manual 159',162,NULL,NULL),(163,NULL,'2017 Manual 205.14',163,NULL,NULL),(164,NULL,'historical statement',164,NULL,NULL),(165,NULL,'2017 Manual 32.5',165,NULL,NULL),(166,NULL,'2017 Manual 112.2',166,NULL,NULL),(167,NULL,'2017 Manual 115',167,NULL,NULL),(168,NULL,'2017 Manual 604.1',168,NULL,NULL),(169,NULL,'2017 Manual 25.8',169,NULL,NULL),(170,NULL,'2017 Manual 101.1',170,NULL,NULL),(171,NULL,'2017 Manual 113.9',171,NULL,NULL),(172,NULL,'2017 Manual 101.1',172,NULL,NULL),(173,NULL,'2017 Manual 909',173,NULL,NULL),(174,NULL,'2017 Manual 115.6',174,NULL,NULL),(175,NULL,'2017 Manual 24',175,NULL,NULL),(176,NULL,'2017 Manual 616.5',176,NULL,NULL),(177,NULL,'2017 Manual 100.1',177,NULL,NULL),(178,NULL,'2017 Manual 20',178,NULL,NULL),(179,NULL,'2017 Manual 109.2',179,NULL,NULL),(180,NULL,'2017 Manual 600',180,NULL,NULL),(181,NULL,'2017 Manual 334',181,NULL,NULL),(182,NULL,'2017 Manual 226',182,NULL,NULL),(183,NULL,'2017 Manual 512',183,NULL,NULL),(184,NULL,'2017 Manual 112',184,NULL,NULL),(185,NULL,'2017 Manual 25.3',185,NULL,NULL),(186,NULL,'historial statement',186,NULL,NULL),(187,NULL,'historial statement',187,NULL,NULL),(188,NULL,'2017 Manual 153.1',188,NULL,NULL),(189,NULL,'historial statement',189,NULL,NULL),(190,NULL,'2017 Manual 156',190,NULL,NULL),(191,NULL,'2017 Manual 346.2 (5)',191,NULL,NULL),(192,NULL,'2017 Manual 528.1',192,NULL,NULL),(193,NULL,'2017 Manual 346.1',193,NULL,NULL),(194,NULL,'2017 Manual 112.1',194,NULL,NULL),(195,NULL,'2017 Manual 32.5',195,NULL,NULL),(196,NULL,'2017 Manual 127',196,NULL,NULL),(197,NULL,'2017 Manual 113.9',197,NULL,NULL),(198,'','2017 Manual 113.9',198,'',''),(199,NULL,'2017 Manual 113.10.',199,NULL,NULL),(200,NULL,'2017 Manual ',200,NULL,NULL),(201,NULL,'2017 Manual 113.10.',201,NULL,NULL),(202,NULL,'2017 Manual 113.10.',202,NULL,NULL),(203,NULL,'2017 Manual 145.8',203,NULL,NULL),(204,NULL,'historical statement',204,NULL,NULL),(205,NULL,'2017 Manual 331.1',205,NULL,NULL),(206,NULL,'2017 Manual 225.17',206,NULL,NULL),(207,NULL,'Preamble to Church Government',207,NULL,NULL),(208,NULL,'2017 Manual 533.4',208,NULL,NULL),(209,NULL,'2017 Manual 115',209,NULL,NULL),(210,NULL,'2017 Manual 24',210,NULL,NULL),(211,NULL,'2017 Manual 112.1',211,NULL,NULL),(212,NULL,'2017 Manual 22.3',212,NULL,NULL),(213,NULL,'2017 Manual 21.3',213,NULL,NULL),(214,NULL,'2017 Manual 211.16',214,NULL,NULL),(215,NULL,'2017 Manual 245.4',215,NULL,NULL),(216,NULL,'2017 Manual 105',216,NULL,NULL),(217,NULL,'2017 Manual 120',217,NULL,NULL),(218,NULL,'2017 Manual 211.13',218,NULL,NULL),(219,NULL,'2017 Manual 123.4',219,NULL,NULL),(220,NULL,'2017 Manual 507',220,NULL,NULL),(221,NULL,'2017 Manual 129.10.',221,NULL,NULL),(222,NULL,'2017 Manual 129.5',222,NULL,NULL),(223,NULL,'2017 Manual 337.2',223,NULL,NULL),(224,NULL,'2017 Manual 207.6',224,NULL,NULL),(225,NULL,'2017 Manual 207.6',225,NULL,NULL),(226,NULL,'2017 Manual 200.2',226,NULL,NULL),(227,NULL,'2017 Manual 32.4',227,NULL,NULL),(228,NULL,'2017 Manual 25.1',228,NULL,NULL),(229,NULL,'2017 Manual 25.1',229,NULL,NULL),(230,NULL,'2017 Manual 19',230,NULL,NULL),(231,NULL,'2017 Manual 25.5',231,NULL,NULL),(232,NULL,'historical statement',232,NULL,NULL),(233,NULL,'organizational chart',233,NULL,NULL),(234,NULL,'2017 Manual 535 (E)',234,NULL,NULL),(235,NULL,'2017 Manual 211.2',235,NULL,NULL),(236,NULL,'2017 Manual 305.1',236,NULL,NULL),(237,NULL,'2017 Manual 32.5',237,NULL,NULL),(238,NULL,'2017 Manual 606.6',238,NULL,NULL),(239,NULL,'2017 Manual 346.6',239,NULL,NULL),(240,NULL,'2017 Manual 607',240,NULL,NULL),(241,NULL,'2017 Manual 110.7',241,NULL,NULL),(242,NULL,'2017 Manual 117.1',242,NULL,NULL),(243,NULL,'2017 Manual 326.5',243,NULL,NULL),(244,NULL,'2017 Manual 317.11',244,NULL,NULL),(245,NULL,'2017 Manual 538',245,NULL,NULL),(246,NULL,'2017 Manual 201',246,NULL,NULL),(247,NULL,'2017 Manual 536',247,NULL,NULL),(248,NULL,'2017 Manual 536',248,NULL,NULL),(249,NULL,'2017 Manual 538',249,NULL,NULL),(250,NULL,'2017 Manual 341',250,NULL,NULL),(251,NULL,'2017 Manual 129.13',251,NULL,NULL),(252,NULL,'2017 Manual 231.6',252,NULL,NULL),(253,NULL,'Part VIII',253,NULL,NULL),(254,NULL,'2017 Manual 211.14',254,NULL,NULL),(255,NULL,'historical statement',255,NULL,NULL),(256,'','2017 Manual 113.11',256,'',''),(257,NULL,'2017 Manual 335.19',257,NULL,NULL),(258,NULL,'2017 Manual 211.21',258,NULL,NULL),(259,NULL,'2017 Manual 28.1',259,NULL,NULL),(260,NULL,'2017 Manual 338',260,NULL,NULL),(261,NULL,'2017 Manual 503.2',261,NULL,NULL),(262,NULL,'2017 Manual 233.4',262,NULL,NULL),(263,NULL,'2017 Manual 125',263,NULL,NULL),(264,NULL,'2017 Manual 200.2',264,NULL,NULL),(265,'','2017 Manual 215',265,'',''),(266,NULL,'2017 Manual 30.5',266,NULL,NULL),(267,NULL,'2017 Manual 32',267,NULL,NULL),(268,NULL,'2017 Manual 140',268,NULL,NULL),(269,NULL,'2017 Manual 113.11',269,NULL,NULL),(270,NULL,'2017 Manual 115.6',270,NULL,NULL),(271,NULL,'2017 Manual 538',271,NULL,NULL),(272,NULL,'2017 Manual 153',272,NULL,NULL),(273,NULL,'2017 Manual 211.21',273,NULL,NULL),(274,NULL,'2017 Manual 154.2',274,NULL,NULL),(275,NULL,'2017 Manual 129.33',275,NULL,NULL),(276,'','2017 Manual 147.1',276,'',''),(277,NULL,'2017 Manual 529',277,NULL,NULL),(278,NULL,'2017 Manual 500',278,NULL,NULL),(279,NULL,'2017 Manual 102',279,NULL,NULL),(280,NULL,'2017 Manual 127',280,NULL,NULL),(281,NULL,'2017 Manual 233.1',281,NULL,NULL),(282,NULL,'2017 Manual 32.4',282,NULL,NULL),(283,NULL,'historical statement',283,NULL,NULL),(284,NULL,'2017 Manual 210',284,NULL,NULL),(285,NULL,'historical statement',285,NULL,NULL),(286,NULL,'2017 Manual 32.5',286,NULL,NULL),(287,NULL,'2017 Manual 32.5',287,NULL,NULL),(288,NULL,'2017 Manual 205.11',288,NULL,NULL),(289,NULL,'2017 Manual 205.12',289,NULL,NULL),(290,NULL,'2017 Manual 150.1',290,NULL,NULL),(291,'','',291,'',''),(292,'','',292,'','115'),(293,'','',293,'','2017 Manual 401'),(294,'','',294,'','2017 Index'),(295,'','',295,'','905'),(296,'','',296,'','905'),(297,'','',297,'','905'),(298,'','',298,'','905'),(299,'','',299,'','905'),(300,'','',300,'',''),(301,'','',301,'',''),(302,'','',302,'',''),(303,'','',303,'',''),(304,'','',304,'NYI Term',''),(305,'','',305,'',''),(306,'','',306,'',''),(307,'','',307,'',''),(308,'','',308,'',''),(309,'','',309,'',''),(310,'','',310,'',''),(311,'','',311,'NYI Term',''),(312,'','',312,'',''),(313,'','',313,'','2017 para. 242'),(314,'','',314,'','2017 par. 201'),(315,'','',315,'','2017 par. 201'),(316,'','',316,'',''),(317,'','',317,'','2017 par. 239'),(318,'','',318,'','');
/*!40000 ALTER TABLE `essay` ENABLE KEYS */;
UNLOCK TABLES;

--
-- Table structure for table `inflection`
--

DROP TABLE IF EXISTS `inflection`;
/*!40101 SET @saved_cs_client     = @@character_set_client */;
/*!40101 SET character_set_client = utf8 */;
CREATE TABLE `inflection` (
  `InflectionID` int(11) NOT NULL AUTO_INCREMENT,
  `InflectionName` varchar(50) CHARACTER SET utf8 DEFAULT NULL,
  `Deleted` bit(1) NOT NULL DEFAULT b'0',
  `DateDeleted` datetime DEFAULT NULL,
  PRIMARY KEY (`InflectionID`)
) ENGINE=InnoDB DEFAULT CHARSET=latin1;
/*!40101 SET character_set_client = @saved_cs_client */;

--
-- Dumping data for table `inflection`
--

LOCK TABLES `inflection` WRITE;
/*!40000 ALTER TABLE `inflection` DISABLE KEYS */;
/*!40000 ALTER TABLE `inflection` ENABLE KEYS */;
UNLOCK TABLES;

--
-- Table structure for table `languages`
--

DROP TABLE IF EXISTS `languages`;
/*!40101 SET @saved_cs_client     = @@character_set_client */;
/*!40101 SET character_set_client = utf8 */;
CREATE TABLE `languages` (
  `LanguageID` int(11) NOT NULL AUTO_INCREMENT,
  `Language` varchar(50) NOT NULL,
  PRIMARY KEY (`LanguageID`)
) ENGINE=InnoDB AUTO_INCREMENT=14 DEFAULT CHARSET=latin1;
/*!40101 SET character_set_client = @saved_cs_client */;

--
-- Dumping data for table `languages`
--

LOCK TABLES `languages` WRITE;
/*!40000 ALTER TABLE `languages` DISABLE KEYS */;
INSERT INTO `languages` VALUES (1,'French'),(2,'Portuguese - Brazilian'),(3,'Spanish'),(4,'Albanian'),(5,'Arabic'),(6,'Armenian'),(7,'Dutch'),(8,'German'),(9,'Hungarian'),(10,'Romanian'),(11,'Russian'),(12,'Vietnamese'),(13,'Portuguese - European');
/*!40000 ALTER TABLE `languages` ENABLE KEYS */;
UNLOCK TABLES;

--
-- Table structure for table `partofspeech`
--

DROP TABLE IF EXISTS `partofspeech`;
/*!40101 SET @saved_cs_client     = @@character_set_client */;
/*!40101 SET character_set_client = utf8 */;
CREATE TABLE `partofspeech` (
  `PartOfSpeechID` int(11) NOT NULL AUTO_INCREMENT,
  `PartOfSpeechValue` varchar(15) NOT NULL,
  PRIMARY KEY (`PartOfSpeechID`)
) ENGINE=InnoDB DEFAULT CHARSET=latin1;
/*!40101 SET character_set_client = @saved_cs_client */;

--
-- Dumping data for table `partofspeech`
--

LOCK TABLES `partofspeech` WRITE;
/*!40000 ALTER TABLE `partofspeech` DISABLE KEYS */;
/*!40000 ALTER TABLE `partofspeech` ENABLE KEYS */;
UNLOCK TABLES;

--
-- Table structure for table `suggestedterms`
--

DROP TABLE IF EXISTS `suggestedterms`;
/*!40101 SET @saved_cs_client     = @@character_set_client */;
/*!40101 SET character_set_client = utf8 */;
CREATE TABLE `suggestedterms` (
  `ID` int(11) NOT NULL AUTO_INCREMENT,
  `SuggestedBy` varchar(50) NOT NULL,
  `Email` varchar(32) NOT NULL,
  `GlossaryEntry` varchar(50) NOT NULL,
  `Title` varchar(32) NOT NULL,
  `DocumentReference` varchar(32) NOT NULL,
  `ManualReference` varchar(32) NOT NULL,
  `Context` varchar(32) NOT NULL,
  `FauxAmis` varchar(50) NOT NULL,
  `Note` varchar(100) NOT NULL,
  `DateSuggested` timestamp NOT NULL DEFAULT CURRENT_TIMESTAMP,
  `Status` int(11) NOT NULL,
  `DateChanged` datetime DEFAULT NULL,
  PRIMARY KEY (`ID`)
) ENGINE=InnoDB AUTO_INCREMENT=2 DEFAULT CHARSET=latin1;
/*!40101 SET character_set_client = @saved_cs_client */;

--
-- Dumping data for table `suggestedterms`
--

LOCK TABLES `suggestedterms` WRITE;
/*!40000 ALTER TABLE `suggestedterms` DISABLE KEYS */;
INSERT INTO `suggestedterms` VALUES (1,'Carl Ronquillo','carl@gmail.com','test','test','test','test','test','test','test','2017-11-16 19:58:37',0,NULL);
/*!40000 ALTER TABLE `suggestedterms` ENABLE KEYS */;
UNLOCK TABLES;

--
-- Table structure for table `suggestedtranslation`
--

DROP TABLE IF EXISTS `suggestedtranslation`;
/*!40101 SET @saved_cs_client     = @@character_set_client */;
/*!40101 SET character_set_client = utf8 */;
CREATE TABLE `suggestedtranslation` (
  `ID` int(11) NOT NULL AUTO_INCREMENT,
  `FKTermID` int(11) NOT NULL,
  `FKLanguageID` int(11) NOT NULL,
  `Translation` varchar(32) NOT NULL,
  `DateSuggested` datetime NOT NULL DEFAULT CURRENT_TIMESTAMP,
  `SuggestedBy` varchar(50) DEFAULT NULL,
  `Status` int(11) DEFAULT NULL,
  `DateChange` int(11) DEFAULT NULL,
  PRIMARY KEY (`ID`)
) ENGINE=InnoDB DEFAULT CHARSET=latin1;
/*!40101 SET character_set_client = @saved_cs_client */;

--
-- Dumping data for table `suggestedtranslation`
--

LOCK TABLES `suggestedtranslation` WRITE;
/*!40000 ALTER TABLE `suggestedtranslation` DISABLE KEYS */;
/*!40000 ALTER TABLE `suggestedtranslation` ENABLE KEYS */;
UNLOCK TABLES;

--
-- Table structure for table `term`
--

DROP TABLE IF EXISTS `term`;
/*!40101 SET @saved_cs_client     = @@character_set_client */;
/*!40101 SET character_set_client = utf8 */;
CREATE TABLE `term` (
  `TermID` int(11) NOT NULL AUTO_INCREMENT,
  `TermName` varchar(100) CHARACTER SET utf8 DEFAULT NULL,
  `CoreTerm` char(1) DEFAULT NULL,
  `GlossaryEntry` varchar(50) CHARACTER SET utf8 DEFAULT NULL,
  `FauxAmis` text,
  `CommonUsage` text,
  `Deleted` tinyint(1) NOT NULL DEFAULT '0',
  `DateDeleted` datetime DEFAULT NULL,
  PRIMARY KEY (`TermID`)
) ENGINE=InnoDB AUTO_INCREMENT=319 DEFAULT CHARSET=latin1;
/*!40101 SET character_set_client = @saved_cs_client */;

--
-- Dumping data for table `term`
--

LOCK TABLES `term` WRITE;
/*!40000 ALTER TABLE `term` DISABLE KEYS */;
INSERT INTO `term` VALUES (1,'acting chairperson',NULL,NULL,NULL,NULL,0,NULL),(2,'active member',NULL,NULL,NULL,NULL,0,NULL),(3,'active membership roll',NULL,NULL,NULL,NULL,0,NULL),(4,'active service',NULL,NULL,NULL,NULL,0,NULL),(5,'Adult Ministries',NULL,'',NULL,NULL,0,NULL),(6,'alternate',NULL,NULL,NULL,NULL,1,'2017-12-15 07:49:17'),(7,'alternate delegate',NULL,NULL,NULL,NULL,0,NULL),(8,'annual budget',NULL,NULL,NULL,NULL,0,NULL),(9,'apostolic faith',NULL,NULL,NULL,NULL,0,NULL),(10,'appointed status',NULL,NULL,NULL,NULL,0,NULL),(11,'approved mission specials',NULL,NULL,NULL,NULL,0,NULL),(12,'article of faith',NULL,NULL,NULL,NULL,0,NULL),(13,'Articles of Government',NULL,NULL,NULL,NULL,0,NULL),(14,'assigned minister',NULL,NULL,NULL,NULL,0,NULL),(15,'assigned ordained minister',NULL,NULL,NULL,NULL,0,NULL),(16,'assigned pastor',NULL,NULL,NULL,NULL,0,NULL),(17,'assistant',NULL,NULL,NULL,NULL,0,NULL),(18,'assistant superintendent',NULL,NULL,NULL,NULL,0,NULL),(19,'associate',NULL,NULL,NULL,NULL,0,NULL),(20,'associate pastor',NULL,NULL,NULL,NULL,0,NULL),(21,'ballot',NULL,NULL,NULL,NULL,0,NULL),(22,'baptism with the Holy Spirit',NULL,NULL,NULL,NULL,0,NULL),(23,'Bible quizzing',NULL,NULL,NULL,NULL,0,NULL),(24,'bivocational pastor',NULL,NULL,NULL,NULL,0,NULL),(25,'board of discipline',NULL,NULL,NULL,NULL,0,NULL),(26,'Board of General Superintendents',NULL,NULL,NULL,NULL,0,NULL),(27,'Board of Pensions and Benefits USA',NULL,NULL,NULL,NULL,0,NULL),(28,'board of tellers',NULL,'',NULL,NULL,0,NULL),(29,'called pastor',NULL,NULL,NULL,NULL,0,NULL),(30,'caucus',NULL,NULL,NULL,NULL,0,NULL),(31,'certificate of (commendation, lay ministry)',NULL,NULL,NULL,NULL,0,NULL),(32,'chair',NULL,'',NULL,NULL,0,NULL),(33,'chairperson',NULL,NULL,NULL,NULL,0,NULL),(34,'chaplain',NULL,NULL,NULL,NULL,0,NULL),(35,'chaplaincy',NULL,NULL,NULL,NULL,0,NULL),(36,'charter member',NULL,NULL,NULL,NULL,0,NULL),(37,'chief executive officer',NULL,NULL,NULL,NULL,0,NULL),(38,'childcare/school (birth through secondary)',NULL,NULL,NULL,NULL,0,NULL),(39,'children\'s church',NULL,NULL,NULL,NULL,0,NULL),(40,'Children\'s Ministries (International) Council',NULL,NULL,NULL,NULL,0,NULL),(41,'Children\'s Ministries (International) director',NULL,NULL,NULL,NULL,0,NULL),(42,'children\'s mission director',NULL,NULL,NULL,NULL,0,NULL),(43,'Christian holiness',NULL,NULL,NULL,NULL,0,NULL),(44,'Christian perfection',NULL,NULL,NULL,NULL,0,NULL),(45,'Christian stewardship',NULL,NULL,NULL,NULL,0,NULL),(46,'Christlike',NULL,NULL,NULL,NULL,0,NULL),(47,'Christlikeness',NULL,NULL,NULL,NULL,0,NULL),(48,'church board',NULL,NULL,NULL,NULL,0,NULL),(49,'church budget',NULL,NULL,NULL,NULL,0,NULL),(50,'church growth committee',NULL,NULL,NULL,NULL,0,NULL),(51,'church membership',NULL,NULL,NULL,NULL,0,NULL),(52,'church planter',NULL,NULL,NULL,NULL,0,NULL),(53,'church planting',NULL,NULL,NULL,NULL,0,NULL),(54,'church year',NULL,NULL,NULL,NULL,0,NULL),(55,'church-type mission',NULL,NULL,NULL,NULL,0,NULL),(56,'church/pastoral relationship',NULL,NULL,NULL,NULL,0,NULL),(57,'church/pastoral relationship review',NULL,NULL,NULL,NULL,0,NULL),(58,'clergy',NULL,NULL,NULL,NULL,0,NULL),(59,'clergy development',NULL,NULL,NULL,NULL,0,NULL),(60,'Clergy Development office',NULL,NULL,NULL,NULL,0,NULL),(61,'clergy misconduct',NULL,NULL,NULL,NULL,0,NULL),(62,'co-pastor',NULL,NULL,NULL,NULL,0,NULL),(63,'college/university',NULL,NULL,NULL,NULL,0,NULL),(64,'commissioned evangelist',NULL,NULL,NULL,NULL,0,NULL),(65,'commissioned missionary',NULL,NULL,NULL,NULL,0,NULL),(66,'commissioned roles of ministry',NULL,NULL,NULL,NULL,0,NULL),(67,'Committee on the Interests of the God-Called Evangelist',NULL,NULL,NULL,NULL,0,NULL),(68,'compassionate ministry',NULL,NULL,NULL,NULL,0,NULL),(69,'conduct unbecoming a minister',NULL,NULL,NULL,NULL,0,NULL),(70,'constituency',NULL,NULL,NULL,NULL,0,NULL),(71,'Continuing Lay Training',NULL,NULL,NULL,NULL,0,NULL),(72,'core values',NULL,NULL,NULL,NULL,0,NULL),(73,'course of study',NULL,NULL,NULL,NULL,0,NULL),(74,'course of study advisory committee',NULL,NULL,NULL,NULL,0,NULL),(75,'cradle roll',NULL,NULL,NULL,NULL,0,NULL),(76,'credential',NULL,NULL,NULL,NULL,0,NULL),(77,'current annual fiscal budget',NULL,NULL,NULL,NULL,0,NULL),(78,'deacon',NULL,NULL,NULL,NULL,0,NULL),(79,'deaconess',NULL,NULL,NULL,NULL,0,NULL),(80,'delegate',NULL,NULL,NULL,NULL,0,NULL),(81,'delegate-elect',NULL,NULL,NULL,NULL,0,NULL),(82,'district advisory board',NULL,NULL,NULL,NULL,0,NULL),(83,'district assembly finance committee',NULL,'',NULL,NULL,0,NULL),(84,'district assistant',NULL,NULL,NULL,NULL,0,NULL),(85,'district assistants',NULL,NULL,NULL,NULL,0,NULL),(86,'district board of discipline',NULL,NULL,NULL,NULL,0,NULL),(87,'district board of ministry',NULL,NULL,NULL,NULL,0,NULL),(88,'district chaplaincy director',NULL,NULL,NULL,NULL,0,NULL),(89,'district church properties board',NULL,NULL,NULL,NULL,0,NULL),(90,'district court of appeals',NULL,NULL,NULL,NULL,0,NULL),(91,'district evangelism board',NULL,NULL,NULL,NULL,0,NULL),(92,'district assembly finance committee',NULL,NULL,NULL,NULL,0,NULL),(93,'district interim assigned',NULL,NULL,NULL,NULL,0,NULL),(94,'district license',NULL,NULL,NULL,NULL,0,NULL),(95,'district licensed minister',NULL,NULL,NULL,NULL,0,NULL),(96,'district ministerial credentials board',NULL,NULL,NULL,NULL,0,NULL),(97,'district ministerial studies board',NULL,NULL,NULL,NULL,0,NULL),(98,'district ministries fund',NULL,NULL,NULL,NULL,0,NULL),(99,'education commissioner',NULL,NULL,NULL,NULL,0,NULL),(100,'educational institution',NULL,NULL,NULL,NULL,0,NULL),(101,'elder',NULL,NULL,NULL,NULL,0,NULL),(102,'electing ballot',NULL,NULL,NULL,NULL,0,NULL),(103,'entire sanctification',NULL,NULL,NULL,NULL,0,NULL),(104,'evangelism and church membership committee',NULL,NULL,NULL,NULL,0,NULL),(105,'evangelist',NULL,NULL,NULL,NULL,0,NULL),(106,'executive committee',NULL,NULL,NULL,NULL,0,NULL),(107,'fellowship member',NULL,NULL,NULL,NULL,0,NULL),(108,'field strategy coordinator',NULL,NULL,NULL,NULL,0,NULL),(109,'filed credential',NULL,NULL,NULL,NULL,0,NULL),(110,'finance committee',NULL,NULL,NULL,NULL,0,NULL),(111,'from the pulpit',NULL,NULL,NULL,NULL,0,NULL),(112,'full members',NULL,NULL,NULL,NULL,0,NULL),(113,'full membership',NULL,NULL,NULL,NULL,0,NULL),(114,'fully organized church',NULL,NULL,NULL,NULL,0,NULL),(115,'General Assembly Arrangements Committee',NULL,NULL,NULL,NULL,0,NULL),(116,'General Assembly Commission',NULL,NULL,NULL,NULL,0,NULL),(117,'General Assembly Credentials Committee',NULL,NULL,NULL,NULL,0,NULL),(118,'General Board',NULL,NULL,NULL,NULL,0,NULL),(119,'General Board-commissioned missionary',NULL,NULL,NULL,NULL,0,NULL),(120,'General Board-commissioned missionary delegate',NULL,NULL,NULL,NULL,0,NULL),(121,'General Christian Action Committee',NULL,NULL,NULL,NULL,0,NULL),(122,'General Court of Appeals',NULL,NULL,NULL,NULL,0,NULL),(123,'general superintendent',NULL,NULL,NULL,NULL,0,NULL),(124,'general superintendent having jurisdiction',NULL,NULL,NULL,NULL,0,NULL),(125,'general superintendent in jurisdiction',NULL,NULL,NULL,NULL,0,NULL),(126,'Global Administration and Finance Committee',NULL,NULL,NULL,NULL,0,NULL),(127,'Global Ministry Center',NULL,NULL,NULL,NULL,0,NULL),(128,'Global Mission',NULL,NULL,NULL,NULL,0,NULL),(129,'Global Mission Committee',NULL,NULL,NULL,NULL,0,NULL),(130,'Global Mission director',NULL,NULL,NULL,NULL,0,NULL),(131,'Global Nazarene Youth International Council',NULL,'',NULL,NULL,0,NULL),(132,'Global Nazarene Youth International Council chair',NULL,NULL,NULL,NULL,0,NULL),(133,'God-called evangelist',NULL,NULL,NULL,NULL,0,NULL),(134,'good standing',NULL,NULL,NULL,NULL,0,NULL),(135,'Great Commandment',NULL,NULL,NULL,NULL,0,NULL),(136,'higher education',NULL,NULL,NULL,NULL,0,NULL),(137,'holiness movement',NULL,NULL,NULL,NULL,0,NULL),(138,'holiness people',NULL,NULL,NULL,NULL,0,NULL),(139,'host pastor',NULL,NULL,NULL,NULL,0,NULL),(140,'inactive member',NULL,NULL,NULL,NULL,0,NULL),(141,'inactive membership',NULL,NULL,NULL,NULL,0,NULL),(142,'inactive membership roll',NULL,NULL,NULL,NULL,0,NULL),(143,'interim pastor',NULL,NULL,NULL,NULL,0,NULL),(144,'International Board of Education',NULL,NULL,NULL,NULL,0,NULL),(145,'International Course of Study Advisory Committee (ICOSAC)',NULL,NULL,NULL,NULL,0,NULL),(146,'institution of higher education',NULL,NULL,NULL,NULL,0,NULL),(147,'International Sourcebook on Developmental Standards for Ordination',NULL,NULL,NULL,NULL,0,NULL),(148,'internationalization',NULL,NULL,NULL,NULL,0,NULL),(149,'investigating committee',NULL,NULL,NULL,NULL,0,NULL),(150,'kindred activities',NULL,NULL,NULL,NULL,0,NULL),(151,'laity',NULL,NULL,NULL,NULL,0,NULL),(152,'lay',NULL,NULL,NULL,NULL,0,NULL),(153,'lay delegate',NULL,NULL,NULL,NULL,0,NULL),(154,'lay evangelist',NULL,NULL,NULL,NULL,0,NULL),(155,'lay leader',NULL,NULL,NULL,NULL,0,NULL),(156,'lay member',NULL,NULL,NULL,NULL,0,NULL),(157,'lay minister',NULL,NULL,NULL,NULL,0,NULL),(158,'lay ministry',NULL,NULL,NULL,NULL,0,NULL),(159,'lay president',NULL,NULL,NULL,NULL,0,NULL),(160,'lay services',NULL,NULL,NULL,NULL,0,NULL),(161,'lay song evangelist',NULL,NULL,NULL,NULL,0,NULL),(162,'lay worker',NULL,NULL,NULL,NULL,0,NULL),(163,'layperson',NULL,NULL,NULL,NULL,0,NULL),(164,'leader',NULL,NULL,NULL,NULL,0,NULL),(165,'leadership',NULL,NULL,NULL,NULL,0,NULL),(166,'letter of release',NULL,NULL,NULL,NULL,0,NULL),(167,'licensed minister',NULL,NULL,NULL,NULL,0,NULL),(168,'local board of discipline',NULL,NULL,NULL,NULL,0,NULL),(169,'local church',NULL,NULL,NULL,NULL,0,NULL),(170,'local church board',NULL,NULL,NULL,NULL,0,NULL),(171,'local minister',NULL,NULL,NULL,NULL,0,NULL),(172,'majority ballot',NULL,NULL,NULL,NULL,0,NULL),(173,'Manual Editing Committee',NULL,NULL,NULL,NULL,0,NULL),(174,'maternity leave / paternity leave',NULL,NULL,NULL,NULL,0,NULL),(175,'member',NULL,NULL,NULL,NULL,0,NULL),(176,'member in good standing',NULL,NULL,NULL,NULL,0,NULL),(177,'member of the clergy',NULL,NULL,NULL,NULL,0,NULL),(178,'membership',NULL,NULL,NULL,NULL,0,NULL),(179,'membership roll',NULL,NULL,NULL,NULL,0,NULL),(180,'membership vow',NULL,NULL,NULL,NULL,0,NULL),(181,'minister (noun)',NULL,NULL,NULL,NULL,0,NULL),(182,'minister of Christian education',NULL,NULL,NULL,NULL,0,NULL),(183,'minister of music',NULL,NULL,NULL,NULL,0,NULL),(184,'ministerial credential',NULL,NULL,NULL,NULL,0,NULL),(185,'minutes',NULL,NULL,NULL,NULL,0,NULL),(186,'mission',NULL,NULL,NULL,NULL,0,NULL),(187,'mission statement',NULL,NULL,NULL,NULL,0,NULL),(188,'mission work',NULL,NULL,NULL,NULL,0,NULL),(189,'missionary',NULL,NULL,NULL,NULL,0,NULL),(190,'missionary activities',NULL,NULL,NULL,NULL,0,NULL),(191,'missionary candidates',NULL,NULL,NULL,NULL,0,NULL),(192,'missionary organization',NULL,NULL,NULL,NULL,0,NULL),(193,'missionary outreach efforts',NULL,NULL,NULL,NULL,0,NULL),(194,'missionary work',NULL,NULL,NULL,NULL,0,NULL),(195,'national board',NULL,NULL,NULL,NULL,0,NULL),(196,'nazarene institution',NULL,NULL,NULL,NULL,0,NULL),(197,'Nazarene Missions International',NULL,NULL,NULL,NULL,0,NULL),(198,'Nazarene Youth International (NYI)',NULL,'',NULL,NULL,0,NULL),(199,'nominate',NULL,NULL,NULL,NULL,0,NULL),(200,'nominating ballot',NULL,NULL,NULL,NULL,0,NULL),(201,'nominating committee',NULL,NULL,NULL,NULL,0,NULL),(202,'nomination',NULL,NULL,NULL,NULL,0,NULL),(203,'nominee',NULL,NULL,NULL,NULL,0,NULL),(204,'nonnegotiables',NULL,NULL,NULL,NULL,0,NULL),(205,'operating funds',NULL,NULL,NULL,NULL,0,NULL),(206,'operating staff',NULL,NULL,NULL,NULL,0,NULL),(207,'ordain',NULL,NULL,NULL,NULL,0,NULL),(208,'ordained deacon',NULL,NULL,NULL,NULL,0,NULL),(209,'ordained elder',NULL,NULL,NULL,NULL,0,NULL),(210,'ordained minister',NULL,NULL,NULL,NULL,0,NULL),(211,'ordination',NULL,NULL,NULL,NULL,0,NULL),(212,'organized church',NULL,NULL,NULL,NULL,0,NULL),(213,'outreach',NULL,NULL,NULL,NULL,0,NULL),(214,'paid assistant',NULL,NULL,NULL,NULL,0,NULL),(215,'paid district assistant',NULL,NULL,NULL,NULL,0,NULL),(216,'pastoral arrangement',NULL,NULL,NULL,NULL,0,NULL),(217,'pastoral assignment',NULL,NULL,NULL,NULL,0,NULL),(218,'pastoral associate',NULL,NULL,NULL,NULL,0,NULL),(219,'pastoral call',NULL,NULL,NULL,NULL,0,NULL),(220,'pastoral care',NULL,NULL,NULL,NULL,0,NULL),(221,'pastoral staff',NULL,NULL,NULL,NULL,0,NULL),(222,'pastoral supply',NULL,NULL,NULL,NULL,0,NULL),(223,'Pensions and Benefits International',NULL,NULL,NULL,NULL,0,NULL),(224,'pensions and benefits program',NULL,NULL,NULL,NULL,0,NULL),(225,'pensions board',NULL,NULL,NULL,NULL,0,NULL),(226,'pioneer area',NULL,NULL,NULL,NULL,0,NULL),(227,'planned and deferred giving',NULL,NULL,NULL,NULL,0,NULL),(228,'plurality',NULL,NULL,NULL,NULL,0,NULL),(229,'plurality vote',NULL,NULL,NULL,NULL,0,NULL),(230,'polity',NULL,NULL,NULL,NULL,0,NULL),(231,'presiding officer',NULL,NULL,NULL,NULL,0,NULL),(232,'Protestant',NULL,NULL,NULL,NULL,0,NULL),(233,'quadrennial',NULL,NULL,NULL,NULL,0,NULL),(234,'recognition of credentials',NULL,NULL,NULL,NULL,0,NULL),(235,'recovery team',NULL,NULL,NULL,NULL,0,NULL),(236,'reference committee',NULL,NULL,NULL,NULL,0,NULL),(237,'regional advisory council',NULL,NULL,NULL,NULL,0,NULL),(238,'regional board of discipline',NULL,NULL,NULL,NULL,0,NULL),(239,'regional course of study advisory committee',NULL,NULL,NULL,NULL,0,NULL),(240,'regional court of appeals',NULL,NULL,NULL,NULL,0,NULL),(241,'registered evangelist',NULL,NULL,NULL,NULL,0,NULL),(242,'regular church/pastoral relationship review',NULL,NULL,NULL,NULL,0,NULL),(243,'resigned',NULL,NULL,NULL,NULL,0,NULL),(244,'restoration of credential',NULL,NULL,NULL,NULL,0,NULL),(245,'retired assigned',NULL,NULL,NULL,NULL,0,NULL),(246,'retired assigned minister',NULL,NULL,NULL,NULL,0,NULL),(247,'retired minister',NULL,NULL,NULL,NULL,0,NULL),(248,'retired unassigned',NULL,NULL,NULL,NULL,0,NULL),(249,'return of credential',NULL,NULL,NULL,NULL,0,NULL),(250,'revivalism',NULL,NULL,NULL,NULL,0,NULL),(251,'roles of ministry',NULL,NULL,NULL,NULL,0,NULL),(252,'Roster of Ministers',NULL,NULL,NULL,NULL,0,NULL),(253,'sacraments and rituals',NULL,NULL,NULL,NULL,0,NULL),(254,'school (birth through secondary)',NULL,NULL,NULL,NULL,0,NULL),(255,'scrpitural holiness',NULL,NULL,NULL,NULL,0,NULL),(256,'Sunday School and Discipleship Ministries International (SDMI) board',NULL,'',NULL,NULL,0,NULL),(257,'search committee',NULL,NULL,NULL,NULL,0,NULL),(258,'self-assessment',NULL,NULL,NULL,NULL,0,NULL),(259,'Sermon on the Mount',NULL,NULL,NULL,NULL,0,NULL),(260,'sole-member',NULL,NULL,NULL,NULL,0,NULL),(261,'song evangelist',NULL,NULL,NULL,NULL,0,NULL),(262,'Sourcebook on Ordination',NULL,NULL,NULL,NULL,0,NULL),(263,'special church/pastoral relationship review',NULL,NULL,NULL,NULL,0,NULL),(264,'sponsoring district',NULL,NULL,NULL,NULL,0,NULL),(265,'standing committee',NULL,'A permanent committee that meets regularly.',NULL,NULL,0,NULL),(266,'steward',NULL,NULL,NULL,NULL,0,NULL),(267,'stewardship',NULL,NULL,NULL,NULL,0,NULL),(268,'stewardship committee',NULL,NULL,NULL,NULL,0,NULL),(269,'Sunday School and Discipleship Ministries International',NULL,NULL,NULL,NULL,0,NULL),(270,'supply pastor',NULL,NULL,NULL,NULL,0,NULL),(271,'surrendered credential',NULL,NULL,NULL,NULL,0,NULL),(272,'Ten Percent Committee',NULL,NULL,NULL,NULL,0,NULL),(273,'tenured evangelist',NULL,NULL,NULL,NULL,0,NULL),(274,'thanks offering',NULL,NULL,NULL,NULL,0,NULL),(275,'to appoint',NULL,NULL,NULL,NULL,0,NULL),(276,'chair',NULL,'',NULL,NULL,0,NULL),(277,'To make christlike disciples in the nations',NULL,NULL,NULL,NULL,0,NULL),(278,'to minister (verb)',NULL,NULL,NULL,NULL,0,NULL),(279,'trustee',NULL,NULL,NULL,NULL,0,NULL),(280,'unassigned district licensed minister',NULL,NULL,NULL,NULL,0,NULL),(281,'validated course of study',NULL,NULL,NULL,NULL,0,NULL),(282,'vision (for something)',NULL,NULL,NULL,NULL,0,NULL),(283,'Wesleyan revival',NULL,NULL,NULL,NULL,0,NULL),(284,'Wesleyan-holiness',NULL,NULL,NULL,NULL,0,NULL),(285,'witness of the Spirit',NULL,NULL,NULL,NULL,0,NULL),(286,'world evangelism',NULL,NULL,NULL,NULL,0,NULL),(287,'World Evangelism Fund',NULL,NULL,NULL,NULL,0,NULL),(288,'yes or no ballot vote',NULL,NULL,NULL,NULL,0,NULL),(289,'yes or no ballot',NULL,NULL,NULL,NULL,0,NULL),(290,'youth ministry',NULL,NULL,NULL,NULL,0,NULL),(291,'district superintendent',NULL,'',NULL,NULL,0,NULL),(292,'to call to pastor (called to pastor)',NULL,'verb and verb phrase',NULL,NULL,0,NULL),(293,'Global Nazarene Education Consortium',NULL,'',NULL,NULL,0,NULL),(294,'USA/Canada Region',NULL,'',NULL,NULL,0,NULL),(295,'Africa Region',NULL,'',NULL,NULL,0,NULL),(296,'Asia-Pacific Region',NULL,'',NULL,NULL,0,NULL),(297,'Eurasia Region',NULL,'',NULL,NULL,0,NULL),(298,'Mesoamerica Region',NULL,'',NULL,NULL,0,NULL),(299,'South America Region',NULL,'',NULL,NULL,0,NULL),(300,'Be Do Go',NULL,'',NULL,NULL,0,NULL),(301,'district NYI president',NULL,'',NULL,NULL,0,NULL),(302,'Field Youth Coordinator',NULL,'',NULL,NULL,0,NULL),(303,'Field Youth Coordinator Conference',NULL,'',NULL,NULL,0,NULL),(304,'Global NYI Council Chair',NULL,'',NULL,NULL,0,NULL),(305,'Global NYI Convention',NULL,'',NULL,NULL,0,NULL),(306,'Global NYI Council',NULL,'',NULL,NULL,0,NULL),(307,'Global NYI Director',NULL,'',NULL,NULL,0,NULL),(308,'NYI Charter and Ministry Plan',NULL,'',NULL,NULL,0,NULL),(309,'Regional Youth Coordinator',NULL,'',NULL,NULL,0,NULL),(310,'Third Wave',NULL,'',NULL,NULL,0,NULL),(311,'Youth In Mission',NULL,'',NULL,NULL,0,NULL),(312,'Youth Ministry Academy',NULL,'',NULL,NULL,0,NULL),(313,'district nominating committee',NULL,'',NULL,NULL,0,NULL),(314,'district SDMI president',NULL,'',NULL,NULL,0,NULL),(315,'district NMI president',NULL,'',NULL,NULL,0,NULL),(316,'district assembly',NULL,'',NULL,NULL,0,NULL),(317,'district advisory committee',NULL,'',NULL,NULL,0,NULL),(318,'district SDMI board',NULL,'',NULL,NULL,0,NULL);
/*!40000 ALTER TABLE `term` ENABLE KEYS */;
UNLOCK TABLES;

--
-- Table structure for table `termhasbaseform`
--

DROP TABLE IF EXISTS `termhasbaseform`;
/*!40101 SET @saved_cs_client     = @@character_set_client */;
/*!40101 SET character_set_client = utf8 */;
CREATE TABLE `termhasbaseform` (
  `FKBaseValueID` int(11) NOT NULL,
  `FKTermID` int(11) NOT NULL,
  KEY `MMTermBase` (`FKBaseValueID`),
  KEY `MMHasTermBase` (`FKTermID`),
  CONSTRAINT `MMHasTermBase` FOREIGN KEY (`FKTermID`) REFERENCES `term` (`TermID`),
  CONSTRAINT `MMTermBase` FOREIGN KEY (`FKBaseValueID`) REFERENCES `baseform` (`BaseFormID`)
) ENGINE=InnoDB DEFAULT CHARSET=latin1;
/*!40101 SET character_set_client = @saved_cs_client */;

--
-- Dumping data for table `termhasbaseform`
--

LOCK TABLES `termhasbaseform` WRITE;
/*!40000 ALTER TABLE `termhasbaseform` DISABLE KEYS */;
INSERT INTO `termhasbaseform` VALUES (1,1),(2,2),(3,3),(4,4),(5,5),(6,6),(6,7),(7,8),(8,9),(9,10),(10,11),(8,12),(11,13),(12,14),(12,15),(13,16),(14,17),(15,18),(16,19),(13,20),(17,21),(18,22),(19,23),(13,24),(20,25),(20,26),(20,27),(20,28),(13,29),(21,30),(22,31),(1,32),(1,33),(24,34),(24,35),(2,36),(25,37),(26,38),(27,39),(5,40),(5,41),(27,42),(28,43),(28,44),(29,45),(30,46),(30,47),(20,48),(7,49),(31,50),(3,51),(32,52),(32,53),(32,54),(13,56),(13,57),(32,55),(33,58),(33,59),(33,60),(33,61),(34,63),(35,64),(36,65),(5,66),(35,67),(5,68),(12,69),(37,70),(38,71),(13,62),(39,72),(40,73),(40,74),(41,75),(42,76),(7,77),(43,78),(43,79),(6,80),(6,81),(20,82),(44,83),(44,92),(44,84),(44,85),(20,86),(20,87),(24,88),(20,89),(44,90),(20,91),(45,93),(46,94),(46,95),(20,96),(20,97),(47,98),(48,99),(48,100),(49,101),(17,102),(50,103),(3,104),(35,105),(31,106),(2,107),(51,108),(42,109),(31,110),(52,111),(2,112),(3,113),(32,114),(31,115),(53,116),(31,117),(20,118),(36,119),(6,120),(31,121),(54,122),(15,123),(15,124),(15,125),(31,126),(5,127),(55,128),(55,129),(55,130),(56,131),(1,132),(35,133),(57,134),(58,135),(48,136),(59,137),(59,138),(13,139),(2,140),(3,141),(3,142),(48,146),(13,143),(48,144),(31,145),(60,147),(61,148),(31,149),(38,151),(38,152),(38,153),(38,154),(38,155),(38,156),(38,157),(38,158),(38,159),(38,160),(38,161),(38,162),(38,163),(62,164),(62,165),(63,166),(12,167),(20,168),(32,169),(20,170),(12,171),(17,172),(31,173),(64,174),(2,175),(2,176),(33,177),(3,178),(3,179),(3,180),(12,181),(48,182),(12,183),(42,184),(65,185),(55,186),(55,187),(55,188),(36,189),(36,193),(20,195),(66,196),(55,197),(67,198),(68,199),(68,200),(68,201),(68,202),(68,203),(69,204),(47,205),(70,206),(60,207),(60,208),(60,209),(60,210),(60,211),(32,212),(71,213),(14,214),(14,215),(13,216),(13,217),(13,218),(13,219),(13,220),(13,221),(13,222),(72,223),(72,224),(72,225),(73,226),(74,227),(75,228),(75,229),(76,230),(25,231),(77,232),(78,233),(42,234),(79,235),(31,236),(80,237),(80,238),(80,239),(80,240),(35,241),(32,242),(81,243),(42,244),(45,245),(12,246),(12,247),(45,248),(42,249),(82,250),(5,251),(12,252),(83,253),(26,254),(59,255),(20,256),(31,257),(84,258),(85,259),(86,260),(35,261),(60,262),(13,263),(44,264),(31,265),(87,266),(87,267),(87,268),(88,269),(13,270),(42,271),(31,272),(35,273),(10,274),(9,275),(1,276),(30,277),(12,278),(89,279),(12,280),(40,281),(90,282),(91,283),(91,284),(92,285),(93,286),(47,287),(94,289),(17,288),(5,290),(15,291),(13,292),(48,293),(80,294),(80,295),(80,296),(80,297),(80,298),(80,299),(96,300),(96,301),(96,302),(96,303),(96,304),(96,305),(96,306),(96,307),(96,308),(96,309),(96,310),(96,311),(96,312),(96,131),(31,313),(44,314),(44,315),(44,316),(31,317),(44,318);
/*!40000 ALTER TABLE `termhasbaseform` ENABLE KEYS */;
UNLOCK TABLES;

--
-- Table structure for table `termrelatestoterm`
--

DROP TABLE IF EXISTS `termrelatestoterm`;
/*!40101 SET @saved_cs_client     = @@character_set_client */;
/*!40101 SET character_set_client = utf8 */;
CREATE TABLE `termrelatestoterm` (
  `FKTermIDParent` int(11) NOT NULL,
  `FKTermIDChild` int(11) NOT NULL,
  KEY `MMTermPC` (`FKTermIDParent`),
  KEY `MMTermCP` (`FKTermIDChild`),
  CONSTRAINT `MMTermCP` FOREIGN KEY (`FKTermIDChild`) REFERENCES `term` (`TermID`),
  CONSTRAINT `MMTermPC` FOREIGN KEY (`FKTermIDParent`) REFERENCES `term` (`TermID`)
) ENGINE=InnoDB DEFAULT CHARSET=latin1;
/*!40101 SET character_set_client = @saved_cs_client */;

--
-- Dumping data for table `termrelatestoterm`
--

LOCK TABLES `termrelatestoterm` WRITE;
/*!40000 ALTER TABLE `termrelatestoterm` DISABLE KEYS */;
INSERT INTO `termrelatestoterm` VALUES (5,290);
/*!40000 ALTER TABLE `termrelatestoterm` ENABLE KEYS */;
UNLOCK TABLES;

--
-- Table structure for table `translation`
--

DROP TABLE IF EXISTS `translation`;
/*!40101 SET @saved_cs_client     = @@character_set_client */;
/*!40101 SET character_set_client = utf8 */;
CREATE TABLE `translation` (
  `TranslationID` int(11) NOT NULL AUTO_INCREMENT,
  `Translation` varchar(100) CHARACTER SET utf8 DEFAULT NULL,
  `Status` varchar(10) CHARACTER SET utf8 DEFAULT NULL,
  `Comment` text,
  `FauxAmis` text,
  `FKTermID` int(11) NOT NULL,
  `FKLanguageID` int(11) NOT NULL,
  `Deleted` bit(1) NOT NULL DEFAULT b'0',
  `DateDeleted` datetime DEFAULT NULL,
  PRIMARY KEY (`TranslationID`),
  KEY `FKTermID` (`FKTermID`)
) ENGINE=InnoDB AUTO_INCREMENT=1159 DEFAULT CHARSET=latin1;
/*!40101 SET character_set_client = @saved_cs_client */;

--
-- Dumping data for table `translation`
--

LOCK TABLES `translation` WRITE;
/*!40000 ALTER TABLE `translation` DISABLE KEYS */;
INSERT INTO `translation` VALUES (1,'président intérimaire',NULL,NULL,NULL,1,1,'\0',NULL),(2,'membre actif',NULL,NULL,NULL,2,1,'\0',NULL),(3,'liste des membres actifs',NULL,NULL,NULL,3,1,'\0',NULL),(4,'service actif',NULL,NULL,NULL,4,1,'\0',NULL),(5,'ministères auprès des adultes',NULL,NULL,NULL,5,1,'\0',NULL),(6,'suppléant',NULL,NULL,NULL,6,1,'\0',NULL),(7,'đại diện dự bị',NULL,'','',7,12,'\0',NULL),(8,'budget annuel',NULL,NULL,NULL,8,1,'\0',NULL),(9,'statut de «pasteur désigné»',NULL,NULL,NULL,10,1,'\0',NULL),(10,'projets spéciaux approuvés pour la mission',NULL,NULL,NULL,11,1,'\0',NULL),(11,'điều khoản bản tuyên xưng đức tin ',NULL,'','',12,12,'\0',NULL),(12,'ministre affecté',NULL,NULL,NULL,14,1,'\0',NULL),(13,'pasteur affecté',NULL,NULL,NULL,16,1,'\0',NULL),(14,'adjoint',NULL,NULL,NULL,17,1,'\0',NULL),(15,'adjoint au surintendant',NULL,'','',18,1,'\0',NULL),(16,'adjoint',NULL,NULL,NULL,19,1,'\0',NULL),(17,'mục sư cộng sự ',NULL,'','',20,12,'\0',NULL),(18,'scrutin',NULL,NULL,NULL,21,1,'\0',NULL),(19,'baptême du Saint-Esprit',NULL,NULL,NULL,22,1,'\0',NULL),(20,'concours biblique',NULL,NULL,NULL,23,1,'\0',NULL),(21,'mục sư có thêm nghề tay trái',NULL,'','',24,12,'\0',NULL),(22,'ban kỷ luật',NULL,'','',25,12,'\0',NULL),(23,'Ban Tổng Quản nhiệm ',NULL,'','',26,12,'\0',NULL),(24,'Ban Hưu bổng và Phúc lợi Mỹ',NULL,'','',27,12,'\0',NULL),(25,'ban kiểm phiếu ',NULL,'','',28,12,'\0',NULL),(26,'mục sư được mời',NULL,'','',29,12,'\0',NULL),(27,'cuộc họp riêng',NULL,'','',30,12,'\0',NULL),(28,'giấy / chứng chỉ (giới thiệu, mục vụ giáo dân)',NULL,'','',31,12,'\0',NULL),(29,' ̣(ông / bà) chủ tịch',NULL,'noun','',32,12,'\0',NULL),(30,' ̣(ông / bà) chủ tịch',NULL,'','',33,12,'\0',NULL),(31,'vị tuyên úy',NULL,'','',34,12,'\0',NULL),(32,'aumônerie',NULL,NULL,NULL,35,1,'\0',NULL),(33,'membres fondateurs',NULL,NULL,NULL,36,1,'\0',NULL),(34,'président-directeur général',NULL,NULL,NULL,37,1,'\0',NULL),(35,'garderies/écoles (jusqu’au secondaire)',NULL,NULL,NULL,38,1,'\0',NULL),(36,'culte pour enfants',NULL,NULL,NULL,39,1,'\0',NULL),(37,'conseil des Ministères Auprès des Enfants International',NULL,NULL,NULL,40,1,'\0',NULL),(38,'directeur du Ministères Auprès des Enfants International',NULL,NULL,NULL,41,1,'\0',NULL),(39,'directeur de mission pour le ministère des enfants',NULL,NULL,NULL,42,1,'\0',NULL),(40,'l’intendance chrétienne',NULL,NULL,NULL,45,1,'\0',NULL),(41,'à l\'image de Christ',NULL,NULL,NULL,46,1,'\0',NULL),(42,'l\'image de Christ',NULL,NULL,NULL,47,1,'\0',NULL),(43,'conseil de l\'église',NULL,NULL,NULL,48,1,'\0',NULL),(44,'budget de l\'église',NULL,NULL,NULL,49,1,'\0',NULL),(45,'comité de croissance de l\'église',NULL,NULL,NULL,50,1,'\0',NULL),(46,'membres d’église',NULL,NULL,NULL,51,1,'\0',NULL),(47,'implanteur d\'églises',NULL,NULL,NULL,52,1,'\0',NULL),(48,'implantaton d\'églises',NULL,NULL,NULL,53,1,'\0',NULL),(49,'l’année ecclésiastique',NULL,NULL,NULL,54,1,'\0',NULL),(50,'églises de type mission',NULL,NULL,NULL,55,1,'\0',NULL),(51,'la relation église/pasteur',NULL,NULL,NULL,56,1,'\0',NULL),(52,'évaluation de la relation église/pasteur',NULL,NULL,NULL,57,1,'\0',NULL),(53,'clergé',NULL,NULL,NULL,58,1,'\0',NULL),(54,'Développement du clergé',NULL,NULL,NULL,59,1,'\0',NULL),(55,'Bureau du développement du clergé',NULL,NULL,NULL,60,1,'\0',NULL),(56,'co-pasteur',NULL,NULL,NULL,62,1,'\0',NULL),(57,'études post-secondaires',NULL,NULL,NULL,63,1,'\0',NULL),(58,'évangéliste commissionné',NULL,NULL,NULL,64,1,'\0',NULL),(59,'Comité pour les Intérêts des Évangélistes Appelés',NULL,NULL,NULL,67,1,'\0',NULL),(60,'ministère de compassion',NULL,NULL,NULL,68,1,'\0',NULL),(61,'les électeurs',NULL,NULL,NULL,70,1,'\0',NULL),(62,'Formation Continue des Laïcs.',NULL,NULL,NULL,71,1,'\0',NULL),(63,'valeurs fondamentales',NULL,NULL,NULL,72,1,'\0',NULL),(64,'programme d’études',NULL,NULL,NULL,73,1,'\0',NULL),(65,'comité consultatif pour le programme d’études',NULL,NULL,NULL,74,1,'\0',NULL),(66,'programme pour les bébés',NULL,NULL,NULL,75,1,'\0',NULL),(67,'accréditation',NULL,NULL,NULL,76,1,'\0',NULL),(68,'diacre',NULL,NULL,NULL,78,1,'\0',NULL),(69,'diaconesse',NULL,NULL,NULL,79,1,'\0',NULL),(70,'délégués',NULL,NULL,NULL,80,1,'\0',NULL),(71,'conseil consultatif du district',NULL,NULL,NULL,82,1,'\0',NULL),(72,'comité des finances de l\'assemblée de district',NULL,NULL,NULL,83,1,'\0',NULL),(73,'adjoint de district',NULL,NULL,NULL,84,1,'\0',NULL),(74,'adjoints de district',NULL,NULL,NULL,85,1,'\0',NULL),(75,'comité de discipline du district',NULL,NULL,NULL,86,1,'\0',NULL),(76,'le directeur de l\'aumônerie du district',NULL,NULL,NULL,88,1,'\0',NULL),(77,'comité de gestion des propriétés du district',NULL,NULL,NULL,89,1,'\0',NULL),(78,'cours d\'appel de district',NULL,NULL,NULL,90,1,'\0',NULL),(79,'comité d\'évangélisation de district',NULL,NULL,NULL,91,1,'\0',NULL),(80,'ministre intérimaire affecté',NULL,NULL,NULL,93,1,'\0',NULL),(81,'habilitation de district',NULL,NULL,NULL,94,1,'\0',NULL),(82,'ministres habilités par le district',NULL,NULL,NULL,95,1,'\0',NULL),(83,'comité d\'accréditations ministérielles du district',NULL,NULL,NULL,96,1,'\0',NULL),(84,'comité d\'études ministérielles',NULL,NULL,NULL,97,1,'\0',NULL),(85,'fonds des ministères du district',NULL,NULL,NULL,98,1,'\0',NULL),(86,'commissaire à l\'éducation',NULL,NULL,NULL,99,1,'\0',NULL),(87,'établissement d\'enseignement',NULL,NULL,NULL,100,1,'\0',NULL),(88,'ancien',NULL,NULL,NULL,101,1,'\0',NULL),(89,'bulletins de vote',NULL,NULL,NULL,102,1,'\0',NULL),(90,'comité d\'évangélisation et d\'adhésion de l\'église',NULL,NULL,NULL,104,1,'\0',NULL),(91,'évangéliste',NULL,NULL,NULL,105,1,'\0',NULL),(92,'comité exécutif',NULL,NULL,NULL,106,1,'\0',NULL),(93,'membres sympathisants',NULL,NULL,NULL,107,1,'\0',NULL),(94,'coordinateurs de la stratégie du champ',NULL,NULL,NULL,108,1,'\0',NULL),(95,'accréditation renvoyée',NULL,NULL,NULL,109,1,'\0',NULL),(96,'comité des finances',NULL,NULL,NULL,110,1,'\0',NULL),(97,'du haut de la chaire',NULL,NULL,NULL,111,1,'\0',NULL),(98,'membre à part entière',NULL,NULL,NULL,112,1,'\0',NULL),(99,'membres à part entière',NULL,NULL,NULL,113,1,'\0',NULL),(100,'église organisée',NULL,NULL,NULL,114,1,'\0',NULL),(101,'comité d\'organisation de l\'assemblée générale',NULL,NULL,NULL,115,1,'\0',NULL),(102,'Conseil Général',NULL,NULL,NULL,118,1,'\0',NULL),(103,'comité général d\'action chrétienne',NULL,NULL,NULL,121,1,'\0',NULL),(104,'cours d\'appel générale',NULL,NULL,NULL,122,1,'\0',NULL),(105,'surintendant général',NULL,NULL,NULL,123,1,'\0',NULL),(106,'surintendant général ayant juridiction',NULL,NULL,NULL,124,1,'\0',NULL),(107,'surintendant général ayant juridiction',NULL,NULL,NULL,125,1,'\0',NULL),(108,'comité mondial de l\'administration et des finances',NULL,NULL,NULL,126,1,'\0',NULL),(109,'Siège du ministère mondial',NULL,NULL,NULL,127,1,'\0',NULL),(110,'mission mondiale',NULL,NULL,NULL,128,1,'\0',NULL),(111,'comité de la mission mondiale',NULL,NULL,NULL,129,1,'\0',NULL),(112,'évangélistes appelés',NULL,NULL,NULL,133,1,'\0',NULL),(113,'de bonne réputation',NULL,NULL,NULL,134,1,'\0',NULL),(114,'enseignement supérieur',NULL,NULL,NULL,136,1,'\0',NULL),(115,'mouvement de sainteté',NULL,NULL,NULL,137,1,'\0',NULL),(116,'pasteurs « hôtes »',NULL,NULL,NULL,139,1,'\0',NULL),(117,'membres inactifs',NULL,NULL,NULL,140,1,'\0',NULL),(118,'membres inactifs',NULL,NULL,NULL,141,1,'\0',NULL),(119,'liste des membres inactifs',NULL,NULL,NULL,142,1,'\0',NULL),(120,'pasteur intérimaire',NULL,NULL,NULL,143,1,'\0',NULL),(121,'Conseil international de l’éducation',NULL,NULL,NULL,144,1,'\0',NULL),(122,'Comité consultatif international du programme d\'études',NULL,NULL,NULL,145,1,'\0',NULL),(123,'Le guide de référence international sur les normes de développement des programmes pour l’ordination',NULL,NULL,NULL,147,1,'\0',NULL),(124,'commission d\'enquête',NULL,NULL,NULL,149,1,'\0',NULL),(125,'les laïcs',NULL,NULL,NULL,151,1,'\0',NULL),(126,'laïc',NULL,NULL,NULL,152,1,'\0',NULL),(127,'délégués laïcs',NULL,NULL,NULL,153,1,'\0',NULL),(128,'évangéliste laïc',NULL,NULL,NULL,154,1,'\0',NULL),(129,'dirigeants laïcs',NULL,NULL,NULL,155,1,'\0',NULL),(130,'membre laïc',NULL,NULL,NULL,156,1,'\0',NULL),(131,'ministre laïc',NULL,NULL,NULL,157,1,'\0',NULL),(132,'ministères pour les laïcs',NULL,NULL,NULL,158,1,'\0',NULL),(133,'présidents laïcs',NULL,NULL,NULL,159,1,'\0',NULL),(134,'services laïcs',NULL,NULL,NULL,160,1,'\0',NULL),(135,'évangéliste laïc par le chant',NULL,NULL,NULL,161,1,'\0',NULL),(136,'ouvriers laïcs',NULL,NULL,NULL,162,1,'\0',NULL),(137,'laïc',NULL,NULL,NULL,163,1,'\0',NULL),(138,'dirigeants',NULL,NULL,NULL,164,1,'\0',NULL),(139,'ministère de dirigeant',NULL,NULL,NULL,165,1,'\0',NULL),(140,'une lettre de cessation',NULL,NULL,NULL,166,1,'\0',NULL),(141,'ministre habilité',NULL,NULL,NULL,167,1,'\0',NULL),(142,'comité local de discipline',NULL,NULL,NULL,168,1,'\0',NULL),(143,'église locale',NULL,NULL,NULL,169,1,'\0',NULL),(144,'conseil de l\'église locale',NULL,NULL,NULL,170,1,'\0',NULL),(145,'ministre local',NULL,NULL,NULL,171,1,'\0',NULL),(146,'scrutin majoritaire',NULL,NULL,NULL,172,1,'\0',NULL),(147,'Comité de révision du Manuel',NULL,NULL,NULL,173,1,'\0',NULL),(148,'membre',NULL,NULL,NULL,175,1,'\0',NULL),(149,'membre de bonne réputation',NULL,NULL,NULL,176,1,'\0',NULL),(150,'membre du clergé',NULL,NULL,NULL,177,1,'\0',NULL),(151,'membres; de devenir membres',NULL,NULL,NULL,178,1,'\0',NULL),(152,'liste de membres',NULL,NULL,NULL,179,1,'\0',NULL),(153,'engagements de membres',NULL,NULL,NULL,180,1,'\0',NULL),(154,'ministre',NULL,NULL,NULL,181,1,'\0',NULL),(155,'ministre d’éducation chrétienne',NULL,NULL,NULL,182,1,'\0',NULL),(156,'ministre de musique',NULL,NULL,NULL,183,1,'\0',NULL),(157,'accréditations ministérielles',NULL,NULL,NULL,184,1,'\0',NULL),(158,'procès verbaux',NULL,NULL,NULL,185,1,'\0',NULL),(159,'mission',NULL,NULL,NULL,186,1,'\0',NULL),(160,'énoncé de mission',NULL,NULL,NULL,187,1,'\0',NULL),(161,'missionnaire',NULL,NULL,NULL,189,1,'\0',NULL),(162,'efforts de sensibilisation missionnaires',NULL,NULL,NULL,193,1,'\0',NULL),(163,'conseil national',NULL,NULL,NULL,195,1,'\0',NULL),(164,'institution nazaréenne',NULL,NULL,NULL,196,1,'\0',NULL),(165,'Mission Nazaréenne Internationale',NULL,NULL,NULL,197,1,'\0',NULL),(166,'Jeunesse Nazaréenne Internationale (JNI)',NULL,'','',198,1,'\0',NULL),(167,'de proposer comme candidats',NULL,NULL,NULL,199,1,'\0',NULL),(168,'bulletin de vote',NULL,NULL,NULL,200,1,'\0',NULL),(169,'comité de nomination',NULL,NULL,NULL,201,1,'\0',NULL),(170,'nomination',NULL,NULL,NULL,202,1,'\0',NULL),(171,'candidat',NULL,NULL,NULL,203,1,'\0',NULL),(172,'fonds de fonctionnement',NULL,NULL,NULL,205,1,'\0',NULL),(173,'personnel d\'exploitation',NULL,NULL,NULL,206,1,'\0',NULL),(174,'ordonner',NULL,NULL,NULL,207,1,'\0',NULL),(175,'diacre ordonné',NULL,NULL,NULL,208,1,'\0',NULL),(176,'ancien ordonné',NULL,NULL,NULL,209,1,'\0',NULL),(177,'ministre ordonné',NULL,NULL,NULL,210,1,'\0',NULL),(178,'ordination',NULL,NULL,NULL,211,1,'\0',NULL),(179,'église organisée',NULL,NULL,NULL,212,1,'\0',NULL),(180,'œuvre d’évangélisation',NULL,NULL,NULL,213,1,'\0',NULL),(181,'adjoint salarié',NULL,NULL,NULL,214,1,'\0',NULL),(182,'adjoint salarié du district',NULL,NULL,NULL,215,1,'\0',NULL),(183,'questions liées au pastorat',NULL,NULL,NULL,216,1,'\0',NULL),(184,'affectation pastorale',NULL,NULL,NULL,217,1,'\0',NULL),(185,'pasteur adjoint',NULL,NULL,NULL,218,1,'\0',NULL),(186,'l’appel au pastorat',NULL,NULL,NULL,219,1,'\0',NULL),(187,'exercer la cure d\'âme',NULL,NULL,NULL,220,1,'\0',NULL),(188,'l’équipe pastorale',NULL,NULL,NULL,221,1,'\0',NULL),(189,'pasteur intérimaire',NULL,NULL,NULL,222,1,'\0',NULL),(190,'Pensions/retraites et prestations international',NULL,NULL,NULL,223,1,'\0',NULL),(191,'programme de pensions/retraites et prestations',NULL,NULL,NULL,224,1,'\0',NULL),(192,'conseil des pensions et retraites',NULL,NULL,NULL,225,1,'\0',NULL),(193,'zone pionnière',NULL,NULL,NULL,226,1,'\0',NULL),(194,'dons planifiés et différés',NULL,NULL,NULL,227,1,'\0',NULL),(195,'majorité relative',NULL,NULL,NULL,228,1,'\0',NULL),(196,'vote à la majorité relative',NULL,NULL,NULL,229,1,'\0',NULL),(197,'règles',NULL,NULL,NULL,230,1,'\0',NULL),(198,'président',NULL,NULL,NULL,231,1,'\0',NULL),(199,'reconnaissance d’une accréditation',NULL,NULL,NULL,234,1,'\0',NULL),(200,'comité de référence',NULL,NULL,NULL,236,1,'\0',NULL),(201,'conseil consultatif régional',NULL,NULL,NULL,237,1,'\0',NULL),(202,'comité régional de discipline',NULL,NULL,NULL,238,1,'\0',NULL),(203,'comité consultatif régional du programme d\'études',NULL,NULL,NULL,239,1,'\0',NULL),(204,'cour d\'appel régionale',NULL,NULL,NULL,240,1,'\0',NULL),(205,'évangéliste inscrit',NULL,NULL,NULL,241,1,'\0',NULL),(206,'démissionnaire',NULL,NULL,NULL,243,1,'\0',NULL),(207,'rétablissement d’accréditation',NULL,NULL,NULL,244,1,'\0',NULL),(208,'retraite affecté',NULL,NULL,NULL,245,1,'\0',NULL),(209,'ministres retraités affectés',NULL,NULL,NULL,246,1,'\0',NULL),(210,'ministre retraité',NULL,NULL,NULL,247,1,'\0',NULL),(211,'retraité non affecté',NULL,NULL,NULL,248,1,'\0',NULL),(212,'retour d’accréditation',NULL,NULL,NULL,249,1,'\0',NULL),(213,'réveils',NULL,NULL,NULL,250,1,'\0',NULL),(214,'écoles (de la naissance à l\'université)',NULL,NULL,NULL,254,1,'\0',NULL),(215,'comité du MEDFDI',NULL,NULL,NULL,256,1,'\0',NULL),(216,'comité de repérage',NULL,NULL,NULL,257,1,'\0',NULL),(217,'auto-évaluation',NULL,NULL,NULL,258,1,'\0',NULL),(218,'évangéliste par le chant',NULL,NULL,NULL,261,1,'\0',NULL),(219,'Guide de référence pour l\'ordination',NULL,NULL,NULL,262,1,'\0',NULL),(220,'comité permanent',NULL,NULL,NULL,265,1,'\0',NULL),(221,'intendant',NULL,NULL,NULL,266,1,'\0',NULL),(222,'intendance',NULL,NULL,NULL,267,1,'\0',NULL),(223,'comité d\'intendance',NULL,NULL,NULL,268,1,'\0',NULL),(224,'Ministère de l’École du Dimanche et de la Formation de Disciples International',NULL,NULL,NULL,269,1,'\0',NULL),(225,'accréditation rendue',NULL,NULL,NULL,271,1,'\0',NULL),(226,'Comité des dix pour cent',NULL,NULL,NULL,272,1,'\0',NULL),(227,'évangéliste titulaire',NULL,NULL,NULL,273,1,'\0',NULL),(228,'nommer',NULL,NULL,NULL,275,1,'\0',NULL),(229,'présider',NULL,NULL,NULL,276,1,'\0',NULL),(230,'faire de toutes les nations des disciples à l\'image de Christ',NULL,NULL,NULL,277,1,'\0',NULL),(231,'d’exercer un ministère',NULL,NULL,NULL,278,1,'\0',NULL),(232,'gérant',NULL,NULL,NULL,279,1,'\0',NULL),(233,'programme d’études agréé',NULL,NULL,NULL,281,1,'\0',NULL),(234,'vision',NULL,NULL,NULL,282,1,'\0',NULL),(235,'tradition wesleyenne de la sainteté',NULL,NULL,NULL,284,1,'\0',NULL),(236,'évangélisation mondiale',NULL,NULL,NULL,286,1,'\0',NULL),(237,'Fonds pour l’Évangélisation Mondiale',NULL,NULL,NULL,287,1,'\0',NULL),(238,'vote au scrutin uninominal',NULL,NULL,NULL,288,1,'\0',NULL),(239,'vote au scrutin',NULL,NULL,NULL,289,1,'\0',NULL),(240,'presidente em exercício',NULL,NULL,NULL,1,2,'\0',NULL),(241,'membro activo',NULL,NULL,NULL,2,2,'\0',NULL),(242,'lista de membresia activa',NULL,NULL,NULL,3,2,'\0',NULL),(243,'serviço especial',NULL,NULL,NULL,4,2,'\0',NULL),(244,'ministérios para adultos',NULL,NULL,NULL,5,2,'\0',NULL),(245,'suplente',NULL,NULL,NULL,6,2,'\0',NULL),(246,'delegado suplente',NULL,NULL,NULL,7,2,'\0',NULL),(247,'orçamento anual',NULL,NULL,NULL,8,2,'\0',NULL),(248,'condição de nomeação',NULL,NULL,NULL,10,2,'\0',NULL),(249,'ofertas missionárias especiais aprovadas',NULL,NULL,NULL,11,2,'\0',NULL),(250,'artigo de fé',NULL,NULL,NULL,12,2,'\0',NULL),(251,'ministro designado',NULL,NULL,NULL,14,2,'\0',NULL),(252,'pastor designado',NULL,NULL,NULL,16,2,'\0',NULL),(253,'assistente',NULL,NULL,NULL,17,2,'\0',NULL),(254,'assistente do superintendente',NULL,NULL,NULL,18,2,'\0',NULL),(255,'auxiliar',NULL,NULL,NULL,19,2,'\0',NULL),(256,'pastor adjunto',NULL,NULL,NULL,20,2,'\0',NULL),(257,'cédula',NULL,NULL,NULL,21,2,'\0',NULL),(258,'baptismo com Espírito Santo',NULL,NULL,NULL,22,2,'\0',NULL),(259,'concurso bíblico',NULL,NULL,NULL,23,2,'\0',NULL),(260,'pastor bivocacional',NULL,NULL,NULL,24,2,'\0',NULL),(261,'junta de disciplina',NULL,NULL,NULL,25,2,'\0',NULL),(262,'Junta de Superintendentes Gerais',NULL,NULL,NULL,26,2,'\0',NULL),(263,'Junta de Aposentação e Benefícios dos E.U.A.',NULL,NULL,NULL,27,2,'\0',NULL),(264,'junta de escrutinadores',NULL,NULL,NULL,28,2,'\0',NULL),(265,'chamado seu pastor',NULL,NULL,NULL,29,2,'\0',NULL),(266,'comité regional',NULL,NULL,NULL,30,2,'\0',NULL),(267,'certificado de',NULL,NULL,NULL,31,2,'\0',NULL),(268,'presidente',NULL,NULL,NULL,32,2,'\0',NULL),(269,'presidente',NULL,NULL,NULL,33,2,'\0',NULL),(270,'capelão',NULL,NULL,NULL,34,2,'\0',NULL),(271,'capelania',NULL,NULL,NULL,35,2,'\0',NULL),(272,'membro fundador',NULL,NULL,NULL,36,2,'\0',NULL),(273,'presidente executivo',NULL,NULL,NULL,37,2,'\0',NULL),(274,'creche/escola (berço ao secundário)',NULL,NULL,NULL,38,2,'\0',NULL),(275,'igreja infantil',NULL,NULL,NULL,39,2,'\0',NULL),(276,'Conselho de Ministérios Internacionais para Crianças',NULL,NULL,NULL,40,2,'\0',NULL),(277,'Director dos Ministérios Internacionais para Crianças',NULL,NULL,NULL,41,2,'\0',NULL),(278,'director de missões para crianças',NULL,NULL,NULL,42,2,'\0',NULL),(279,'mordomia cristã',NULL,NULL,NULL,45,2,'\0',NULL),(280,'à semelhança de Cristo',NULL,NULL,NULL,46,2,'\0',NULL),(281,'à semelhança de Cristo',NULL,NULL,NULL,47,2,'\0',NULL),(282,'junta da igreja',NULL,NULL,NULL,48,2,'\0',NULL),(283,'orçamento da igreja',NULL,NULL,NULL,49,2,'\0',NULL),(284,'comité de crescimento da igreja',NULL,NULL,NULL,50,2,'\0',NULL),(285,'membro de uma igreja',NULL,NULL,NULL,51,2,'\0',NULL),(286,'plantador de igrejas',NULL,NULL,NULL,52,2,'\0',NULL),(287,'plantação de igrejas',NULL,NULL,NULL,53,2,'\0',NULL),(288,'ano eclesiástico',NULL,NULL,NULL,54,2,'\0',NULL),(289,'missão tipo igreja',NULL,NULL,NULL,55,2,'\0',NULL),(290,'relacionamento igreja/pastor',NULL,NULL,NULL,56,2,'\0',NULL),(291,'revisão pastoral/igreja',NULL,NULL,NULL,57,2,'\0',NULL),(292,'clero',NULL,NULL,NULL,58,2,'\0',NULL),(293,'Desenvolvimento do Clero',NULL,NULL,NULL,59,2,'\0',NULL),(294,'escritório do Desenvolvimento do Clero',NULL,NULL,NULL,60,2,'\0',NULL),(295,'copastor',NULL,NULL,NULL,62,2,'\0',NULL),(296,'faculdade/universidade',NULL,NULL,NULL,63,2,'\0',NULL),(297,'evangelista comissionado',NULL,NULL,NULL,64,2,'\0',NULL),(298,'Comité para os Interesses do Evangelista Chamado por Deus',NULL,NULL,NULL,67,2,'\0',NULL),(299,'ministério de compaixão',NULL,NULL,NULL,68,2,'\0',NULL),(300,'eleitorado',NULL,NULL,NULL,70,2,'\0',NULL),(301,'Treinamento Contínuo de Leigos',NULL,NULL,NULL,71,2,'\0',NULL),(302,'valores fundamentais',NULL,NULL,NULL,72,2,'\0',NULL),(303,'programa de estudo',NULL,NULL,NULL,73,2,'\0',NULL),(304,'Comité Consultivo do Programa de Estudo',NULL,NULL,NULL,74,2,'\0',NULL),(305,'rol do berço',NULL,NULL,NULL,75,2,'\0',NULL),(306,'credencial',NULL,NULL,NULL,76,2,'\0',NULL),(307,'diácono',NULL,NULL,NULL,78,2,'\0',NULL),(308,'diaconisa',NULL,NULL,NULL,79,2,'\0',NULL),(309,'delegado',NULL,NULL,NULL,80,2,'\0',NULL),(310,'junta consultiva',NULL,NULL,NULL,82,2,'\0',NULL),(311,'comité de finanças da assembleia distrital',NULL,NULL,NULL,83,2,'\0',NULL),(312,'auxiliar distrital',NULL,NULL,NULL,84,2,'\0',NULL),(313,'secretário(a) do escritório',NULL,NULL,NULL,85,2,'\0',NULL),(314,'junta distrital de disciplina',NULL,NULL,NULL,86,2,'\0',NULL),(315,'director de capelania',NULL,NULL,NULL,88,2,'\0',NULL),(316,'junta de propriedades da igreja',NULL,NULL,NULL,89,2,'\0',NULL),(317,'tribunal distrital de apelações',NULL,NULL,NULL,90,2,'\0',NULL),(318,'junta distrital de evangelismo',NULL,NULL,NULL,91,2,'\0',NULL),(319,'interino distrital designado',NULL,NULL,NULL,93,2,'\0',NULL),(320,'licença distrital',NULL,NULL,NULL,94,2,'\0',NULL),(321,'ministro licenciado pelo distrito',NULL,NULL,NULL,95,2,'\0',NULL),(322,'junta de credenciais ministeriais',NULL,NULL,NULL,96,2,'\0',NULL),(323,'junta de estudos ministeriais',NULL,NULL,NULL,97,2,'\0',NULL),(324,'fundo de ministérios distritais',NULL,NULL,NULL,98,2,'\0',NULL),(325,'comissário de educação',NULL,NULL,NULL,99,2,'\0',NULL),(326,'instituição educacional',NULL,NULL,NULL,100,2,'\0',NULL),(327,'presbítero',NULL,NULL,NULL,101,2,'\0',NULL),(328,'cédula de eleição',NULL,NULL,NULL,102,2,'\0',NULL),(329,'comité de evangelismo e membresia da igreja',NULL,NULL,NULL,104,2,'\0',NULL),(330,'evangelista',NULL,NULL,NULL,105,2,'\0',NULL),(331,'comité executivo',NULL,NULL,NULL,106,2,'\0',NULL),(332,'membro associado',NULL,NULL,NULL,107,2,'\0',NULL),(333,'coordenador de estratégia de área/campo',NULL,NULL,NULL,108,2,'\0',NULL),(334,'credencial arquivada',NULL,NULL,NULL,109,2,'\0',NULL),(335,'comité de finanças',NULL,NULL,NULL,110,2,'\0',NULL),(336,'do púlpito',NULL,NULL,NULL,111,2,'\0',NULL),(337,'membro em plena comunhão',NULL,NULL,NULL,112,2,'\0',NULL),(338,'membresia plena',NULL,NULL,NULL,113,2,'\0',NULL),(339,'igreja organizada',NULL,NULL,NULL,114,2,'\0',NULL),(340,'Comité de Preparativos para a Assembleia Geral',NULL,NULL,NULL,115,2,'\0',NULL),(341,'Junta Geral',NULL,NULL,NULL,118,2,'\0',NULL),(342,'Comité Geral de Acção Cristã',NULL,NULL,NULL,121,2,'\0',NULL),(343,'Tribunal Geral de Apelações',NULL,NULL,NULL,122,2,'\0',NULL),(344,'superintendente geral',NULL,NULL,NULL,123,2,'\0',NULL),(345,'superintendente geral em jurisdição',NULL,NULL,NULL,124,2,'\0',NULL),(346,'superintendente geral em jurisdição',NULL,NULL,NULL,125,2,'\0',NULL),(347,'Comité Global de Administração e Finanças',NULL,NULL,NULL,126,2,'\0',NULL),(348,'Centro de Ministério Global',NULL,NULL,NULL,127,2,'\0',NULL),(349,'Missão Global',NULL,NULL,NULL,128,2,'\0',NULL),(350,'Comité de Missão Global',NULL,NULL,NULL,129,2,'\0',NULL),(351,'evangelista chamado por Deus',NULL,NULL,NULL,133,2,'\0',NULL),(352,'pleno gozo dos seus direitos',NULL,NULL,NULL,134,2,'\0',NULL),(353,'educação superior',NULL,NULL,NULL,136,2,'\0',NULL),(354,'movimento de santidade',NULL,NULL,NULL,137,2,'\0',NULL),(355,'pastores',NULL,NULL,NULL,139,2,'\0',NULL),(356,'membro inactivo',NULL,NULL,NULL,140,2,'\0',NULL),(357,'membresia inactiva',NULL,NULL,NULL,141,2,'\0',NULL),(358,'lista de membresia inactiva',NULL,NULL,NULL,142,2,'\0',NULL),(359,'pastor interino',NULL,NULL,NULL,143,2,'\0',NULL),(360,'Junta Internacional de Educação',NULL,NULL,NULL,144,2,'\0',NULL),(361,'Comité Consultivo Internacional do Programa de Estudos',NULL,NULL,NULL,145,2,'\0',NULL),(362,'Guia Internacional de Desenvolvimento de Padrões para a Ordenação',NULL,NULL,NULL,147,2,'\0',NULL),(363,'Comité de Investigacao',NULL,NULL,NULL,149,2,'\0',NULL),(364,'laicato',NULL,NULL,NULL,151,2,'\0',NULL),(365,'laicato',NULL,NULL,NULL,152,2,'\0',NULL),(366,'delegado leigo',NULL,NULL,NULL,153,2,'\0',NULL),(367,'evangelista leigo',NULL,NULL,NULL,154,2,'\0',NULL),(368,'líder leigo',NULL,NULL,NULL,155,2,'\0',NULL),(369,'membro leigo',NULL,NULL,NULL,156,2,'\0',NULL),(370,'ministro leigo',NULL,NULL,NULL,157,2,'\0',NULL),(371,'ministério para leigos',NULL,NULL,NULL,158,2,'\0',NULL),(372,'presidente leigo',NULL,NULL,NULL,159,2,'\0',NULL),(373,'serviços leigos',NULL,NULL,NULL,160,2,'\0',NULL),(374,'leigo evangelista de canto',NULL,NULL,NULL,161,2,'\0',NULL),(375,'obreiro leigo',NULL,NULL,NULL,162,2,'\0',NULL),(376,'leigo',NULL,NULL,NULL,163,2,'\0',NULL),(377,'líder',NULL,NULL,NULL,164,2,'\0',NULL),(378,'liderança',NULL,NULL,NULL,165,2,'\0',NULL),(379,'carta de despedida',NULL,NULL,NULL,166,2,'\0',NULL),(380,'ministro licenciado',NULL,NULL,NULL,167,2,'\0',NULL),(381,'junta local de disciplina',NULL,NULL,NULL,168,2,'\0',NULL),(382,'igreja local',NULL,NULL,NULL,169,2,'\0',NULL),(383,'junta da igreja local',NULL,NULL,NULL,170,2,'\0',NULL),(384,'ministro local',NULL,NULL,NULL,171,2,'\0',NULL),(385,'maioria de votos',NULL,NULL,NULL,172,2,'\0',NULL),(386,'Comité Editorial do Manual',NULL,NULL,NULL,173,2,'\0',NULL),(387,'membro',NULL,NULL,NULL,175,2,'\0',NULL),(388,'membro em pleno gozo dos seus direitos',NULL,NULL,NULL,176,2,'\0',NULL),(389,'membro do clero',NULL,NULL,NULL,177,2,'\0',NULL),(390,'membresia',NULL,NULL,NULL,178,2,'\0',NULL),(391,'lista de membresia',NULL,NULL,NULL,179,2,'\0',NULL),(392,'voto de membresia',NULL,NULL,NULL,180,2,'\0',NULL),(393,'ministro',NULL,NULL,NULL,181,2,'\0',NULL),(394,'ministro de educação cristã',NULL,NULL,NULL,182,2,'\0',NULL),(395,'ministro de música',NULL,NULL,NULL,183,2,'\0',NULL),(396,'credencial ministerial',NULL,NULL,NULL,184,2,'\0',NULL),(397,'actas',NULL,NULL,NULL,185,2,'\0',NULL),(398,'missão',NULL,NULL,NULL,186,2,'\0',NULL),(399,'declaração de missão',NULL,NULL,NULL,187,2,'\0',NULL),(400,'missionário',NULL,NULL,NULL,189,2,'\0',NULL),(401,'esforços de expansão missionária',NULL,NULL,NULL,193,2,'\0',NULL),(402,'junta nacional',NULL,NULL,NULL,195,2,'\0',NULL),(403,'instituição nazarena',NULL,NULL,NULL,196,2,'\0',NULL),(404,'Missões Nazarenas Internacionais',NULL,NULL,NULL,197,2,'\0',NULL),(405,'Juventude Nazarena Internacional (JNI)',NULL,'','',198,2,'\0',NULL),(406,'propor',NULL,NULL,NULL,199,2,'\0',NULL),(407,'cédula de nomeação',NULL,NULL,NULL,200,2,'\0',NULL),(408,'comité de nomeações',NULL,NULL,NULL,201,2,'\0',NULL),(409,'proposta',NULL,NULL,NULL,202,2,'\0',NULL),(410,'nomeado',NULL,NULL,NULL,203,2,'\0',NULL),(411,'fundos operacionais',NULL,NULL,NULL,205,2,'\0',NULL),(412,'quadro de funcionários',NULL,NULL,NULL,206,2,'\0',NULL),(413,'ordenar',NULL,NULL,NULL,207,2,'\0',NULL),(414,'diácono',NULL,NULL,NULL,208,2,'\0',NULL),(415,'presbítero',NULL,NULL,NULL,209,2,'\0',NULL),(416,'ministro ordenado',NULL,NULL,NULL,210,2,'\0',NULL),(417,'ordenação',NULL,NULL,NULL,211,2,'\0',NULL),(418,'igreja organizada',NULL,NULL,NULL,212,2,'\0',NULL),(419,'expansão',NULL,NULL,NULL,213,2,'\0',NULL),(420,'assistente remunerado',NULL,NULL,NULL,214,2,'\0',NULL),(421,'auxiliar distrital remunerado',NULL,NULL,NULL,215,2,'\0',NULL),(422,'arranjos pastorais',NULL,NULL,NULL,216,2,'\0',NULL),(423,'designação pastoral',NULL,NULL,NULL,217,2,'\0',NULL),(424,'pastor adjunto',NULL,NULL,NULL,218,2,'\0',NULL),(425,'chamada pastoral',NULL,NULL,NULL,219,2,'\0',NULL),(426,'cuidado pastoral',NULL,NULL,NULL,220,2,'\0',NULL),(427,'equipa pastoral',NULL,NULL,NULL,221,2,'\0',NULL),(428,'suprir pastores',NULL,NULL,NULL,222,2,'\0',NULL),(429,'Aposentações e Benefícios Internacionais',NULL,NULL,NULL,223,2,'\0',NULL),(430,'programa de aposentação e benefícios',NULL,NULL,NULL,224,2,'\0',NULL),(431,'junta de aposentação',NULL,NULL,NULL,225,2,'\0',NULL),(432,'área pioneira',NULL,NULL,NULL,226,2,'\0',NULL),(433,'doação planeada e diferida',NULL,NULL,NULL,227,2,'\0',NULL),(434,'pluralidade',NULL,NULL,NULL,228,2,'\0',NULL),(435,'pluralidade de votos',NULL,NULL,NULL,229,2,'\0',NULL),(436,'governo',NULL,NULL,NULL,230,2,'\0',NULL),(437,'oficial que preside',NULL,NULL,NULL,231,2,'\0',NULL),(438,'reconhecimento de credenciais',NULL,NULL,NULL,234,2,'\0',NULL),(439,'comité de referência',NULL,NULL,NULL,236,2,'\0',NULL),(440,'conselho consultivo regional',NULL,NULL,NULL,237,2,'\0',NULL),(441,'junta regional de disciplina',NULL,NULL,NULL,238,2,'\0',NULL),(442,'comite consultivo regional do programa de estudos',NULL,NULL,NULL,239,2,'\0',NULL),(443,'tribunal regional de apelações',NULL,NULL,NULL,240,2,'\0',NULL),(444,'evangelista registado',NULL,NULL,NULL,241,2,'\0',NULL),(445,'renúncia',NULL,NULL,NULL,243,2,'\0',NULL),(446,'restauração de credencial',NULL,NULL,NULL,244,2,'\0',NULL),(447,'aposentado designado',NULL,NULL,NULL,245,2,'\0',NULL),(448,'ministro aposentado designado',NULL,NULL,NULL,246,2,'\0',NULL),(449,'ministro aposentado',NULL,NULL,NULL,247,2,'\0',NULL),(450,'aposentado não designado',NULL,NULL,NULL,248,2,'\0',NULL),(451,'devolução de credencial',NULL,NULL,NULL,249,2,'\0',NULL),(452,'reavivamento',NULL,NULL,NULL,250,2,'\0',NULL),(453,'escola (creche até à secundária)',NULL,NULL,NULL,254,2,'\0',NULL),(454,'junta de MEDDI',NULL,NULL,NULL,256,2,'\0',NULL),(455,'comité de selecção',NULL,NULL,NULL,257,2,'\0',NULL),(456,'auto-avaliação',NULL,NULL,NULL,258,2,'\0',NULL),(457,'evangelista de canto',NULL,NULL,NULL,261,2,'\0',NULL),(458,'Guia de Ordenação',NULL,NULL,NULL,262,2,'\0',NULL),(459,'comité permanente',NULL,NULL,NULL,265,2,'\0',NULL),(460,'mordomo',NULL,NULL,NULL,266,2,'\0',NULL),(461,'mordomia',NULL,NULL,NULL,267,2,'\0',NULL),(462,'Comité de Mordomia',NULL,NULL,NULL,268,2,'\0',NULL),(463,'Ministérios da Escola Dominical e Discipulado Internacionais',NULL,NULL,NULL,269,2,'\0',NULL),(464,'credencial entregue',NULL,NULL,NULL,271,2,'\0',NULL),(465,'Comité dos Dez Por Cento',NULL,NULL,NULL,272,2,'\0',NULL),(466,'evangelista titulado',NULL,NULL,NULL,273,2,'\0',NULL),(467,'nomear',NULL,NULL,NULL,275,2,'\0',NULL),(468,'presidir',NULL,NULL,NULL,276,2,'\0',NULL),(469,'fazer discípulos à semelhança de Cristo nas nações',NULL,NULL,NULL,277,2,'\0',NULL),(470,'ministrar',NULL,NULL,NULL,278,2,'\0',NULL),(471,'ecónomo',NULL,NULL,NULL,279,2,'\0',NULL),(472,'programa de estudos validado',NULL,NULL,NULL,281,2,'\0',NULL),(473,'visão',NULL,NULL,NULL,282,2,'\0',NULL),(474,'tradição de santidade Wesleyana',NULL,NULL,NULL,284,2,'\0',NULL),(475,'evangelismo mundial',NULL,NULL,NULL,286,2,'\0',NULL),(476,'Fundo de Evangelismo Mundial',NULL,NULL,NULL,287,2,'\0',NULL),(477,'votação por cédula de \"sim\" ou \"não\"',NULL,NULL,NULL,288,2,'\0',NULL),(478,'voto de \"sim\" ou \"não\"',NULL,NULL,NULL,289,2,'\0',NULL),(479,'presidente a cargo',NULL,NULL,NULL,1,3,'\0',NULL),(480,'miembro activo',NULL,NULL,NULL,2,3,'\0',NULL),(481,'lista de miembros activos',NULL,NULL,NULL,3,3,'\0',NULL),(482,'servicio activo',NULL,NULL,NULL,4,3,'\0',NULL),(483,'ministerios de adultos',NULL,NULL,NULL,5,3,'\0',NULL),(484,'suplente',NULL,NULL,NULL,6,3,'\0',NULL),(485,'delegado suplente',NULL,NULL,NULL,7,3,'\0',NULL),(486,'presupuesto anual',NULL,NULL,NULL,8,3,'\0',NULL),(487,'asignado',NULL,NULL,NULL,10,3,'\0',NULL),(488,'fondos especiales de misión aprobados',NULL,NULL,NULL,11,3,'\0',NULL),(489,'artículo de fe',NULL,NULL,NULL,12,3,'\0',NULL),(490,'ministro asignado',NULL,NULL,NULL,14,3,'\0',NULL),(491,'pastor asignado',NULL,NULL,NULL,16,3,'\0',NULL),(492,'asistente',NULL,NULL,NULL,17,3,'\0',NULL),(493,'asistente del superintendente',NULL,NULL,NULL,18,3,'\0',NULL),(494,'ayudante',NULL,NULL,NULL,19,3,'\0',NULL),(495,'pastor ayudante',NULL,NULL,NULL,20,3,'\0',NULL),(496,'cédula',NULL,NULL,NULL,21,3,'\0',NULL),(497,'bautismo del Espíritu Santo',NULL,NULL,NULL,22,3,'\0',NULL),(498,'esgrima bíblico',NULL,NULL,NULL,23,3,'\0',NULL),(499,'pastor bivocacional',NULL,NULL,NULL,24,3,'\0',NULL),(500,'junta de disciplina',NULL,'This is a generic term and should not be capitalized in Spanish. However, when used as part of a named group, it should be capitalized: \"Local Board of Discipline\", 2017 Manual 604.1.','',25,3,'\0',NULL),(501,'Junta de Superintendentes Generales',NULL,'This is a named group and should be capitalized in Spanish.','',26,3,'\0',NULL),(502,'Junta de Pensiones y Beneficios EEUU',NULL,'This is a named group and should be capitalized in Spanish.','',27,3,'\0',NULL),(503,'comité de escrutadores',NULL,'This is a named group and should be capitalized in Spanish.','',28,3,'\0',NULL),(504,'pastor llamado',NULL,NULL,NULL,29,3,'\0',NULL),(505,'cabildo',NULL,NULL,NULL,30,3,'\0',NULL),(506,'certificado de (recomendación, ministerio laico)',NULL,NULL,NULL,31,3,'\0',NULL),(507,'presidencia',NULL,NULL,NULL,32,3,'\0',NULL),(508,'presidente',NULL,NULL,NULL,33,3,'\0',NULL),(509,'capellán',NULL,NULL,NULL,34,3,'\0',NULL),(510,'capellanía',NULL,NULL,NULL,35,3,'\0',NULL),(511,'miembro fundador',NULL,NULL,NULL,36,3,'\0',NULL),(512,'director ejecutivo',NULL,NULL,NULL,37,3,'\0',NULL),(513,'guardería/escuela (desde recién nacidos hasta secundaria)',NULL,NULL,NULL,38,3,'\0',NULL),(514,'iglesia infantil',NULL,NULL,NULL,39,3,'\0',NULL),(515,'Concilio Global de Ministerios para Niños',NULL,'This is a named group and should be capitalized in Spanish.','',40,3,'\0',NULL),(516,'Director Global de Ministerios para Niños',NULL,NULL,NULL,41,3,'\0',NULL),(517,'director de misiones entre niños',NULL,NULL,NULL,42,3,'\0',NULL),(518,'mayordomía cristiana',NULL,NULL,NULL,45,3,'\0',NULL),(519,'semejante a Cristo',NULL,NULL,NULL,46,3,'\0',NULL),(520,'semejanza a Cristo',NULL,NULL,NULL,47,3,'\0',NULL),(521,'junta de la iglesia',NULL,'This is a generic term and should not be capitalized. When used as a named group, it should be capitlized (\"Local Church Board\")','',48,3,'\0',NULL),(522,'presupuesto de la iglesia',NULL,NULL,NULL,49,3,'\0',NULL),(523,'Comité de Crecimiento de la Iglesia',NULL,'This is a named group and should be capitalized in Spanish.','',50,3,'\0',NULL),(524,'membresía de la iglesia',NULL,NULL,NULL,51,3,'\0',NULL),(525,'plantador de iglesias',NULL,NULL,NULL,52,3,'\0',NULL),(526,'plantación de iglesias',NULL,NULL,NULL,53,3,'\0',NULL),(527,'año eclesiástico',NULL,NULL,NULL,54,3,'\0',NULL),(528,'iglesia misión',NULL,NULL,NULL,55,3,'\0',NULL),(529,'relación pastoral con la iglesia',NULL,NULL,NULL,56,3,'\0',NULL),(530,'revisión de la relación iglesia/pastor',NULL,NULL,NULL,57,3,'\0',NULL),(531,'cuerpo ministerial',NULL,NULL,NULL,58,3,'\0',NULL),(532,'Desarrollo Ministerial',NULL,NULL,NULL,59,3,'\0',NULL),(533,'Oficina de Desarrollo Ministerial',NULL,'This is a named group and should be capitalized in Spanish.','',60,3,'\0',NULL),(534,'co-pastor',NULL,NULL,NULL,62,3,'\0',NULL),(535,'estudios post-secundarios/universidad',NULL,NULL,NULL,63,3,'\0',NULL),(536,'evangelista comisionado',NULL,NULL,NULL,64,3,'\0',NULL),(537,'Comité Acerca de los Intereses del Evangelista Llamado por Dios',NULL,'This is a named group and should be capitalized in Spanish.','',67,3,'\0',NULL),(538,'ministerio de compasión',NULL,NULL,NULL,68,3,'\0',NULL),(539,'feligresía',NULL,NULL,NULL,70,3,'\0',NULL),(540,'Capacitación Continua para Laicos',NULL,NULL,NULL,71,3,'\0',NULL),(541,'valores esenciales',NULL,NULL,NULL,72,3,'\0',NULL),(542,'programa de estudio',NULL,NULL,NULL,73,3,'\0',NULL),(543,'Comité Consultor del Programa de Estudios',NULL,'This is a named group and should be capitalized in Spanish.','',74,3,'\0',NULL),(544,'lista de la clase de cuna',NULL,NULL,NULL,75,3,'\0',NULL),(545,'credencial',NULL,NULL,NULL,76,3,'\0',NULL),(546,'diácono',NULL,NULL,NULL,78,3,'\0',NULL),(547,'diaconisa',NULL,NULL,NULL,79,3,'\0',NULL),(548,'delegado',NULL,NULL,NULL,80,3,'\0',NULL),(549,'Junta Consultora de Distrito',NULL,'This is a named group and should be capitalized in Spanish.','',82,3,'\0',NULL),(550,'Comité de Finanzas de la Asamblea de Distrito',NULL,'This is a named group and should be capitalized in Spanish.','',83,3,'\0',NULL),(551,'personal distrital',NULL,NULL,NULL,84,3,'\0',NULL),(552,'personal de la oficina distrital',NULL,NULL,NULL,85,3,'\0',NULL),(553,'Junta de Disciplina de Distrito',NULL,'This is a named board and should be capitalized.','',86,3,'\0',NULL),(554,'director distrital de capellanía',NULL,NULL,NULL,88,3,'\0',NULL),(555,'Junta de Propiedades de la Iglesia de Distrito',NULL,'This is a named board and should be capitalized in Spanish.','',89,3,'\0',NULL),(556,'Corte Distrital de Apelaciones',NULL,'This is a named group and should be capitalized in Spanish.','',90,3,'\0',NULL),(557,'Junta de Evangelismo de Distrito',NULL,'This is a named board and should be capitalized in Spanish.','',91,3,'\0',NULL),(558,'interino distrital asignado',NULL,NULL,NULL,93,3,'\0',NULL),(559,'licencia distrital',NULL,NULL,NULL,94,3,'\0',NULL),(560,'ministro licenciado',NULL,NULL,NULL,95,3,'\0',NULL),(561,'Junta de Credenciales Ministeriales de Distrito',NULL,'This is a named board and should be capitalized in Spanish.','',96,3,'\0',NULL),(562,'Junta de Estudios Ministeriales de Distrito',NULL,'This is a named group and should be capitalized in Spanish.','',97,3,'\0',NULL),(563,'presupuesto ministerial distrital',NULL,NULL,NULL,98,3,'\0',NULL),(564,'comisionado de educación',NULL,NULL,NULL,99,3,'\0',NULL),(565,'institución educativa',NULL,NULL,NULL,100,3,'\0',NULL),(566,'presbítero',NULL,NULL,NULL,101,3,'\0',NULL),(567,'elección por cédula',NULL,NULL,NULL,102,3,'\0',NULL),(568,'Comité de Evangelismo y Membresía de la Iglesia',NULL,'This is a named group and should be capitalized in Spanish.','',104,3,'\0',NULL),(569,'evangelista',NULL,NULL,NULL,105,3,'\0',NULL),(570,'comité ejecutivo',NULL,'This is a generic term and should not be capitalized in Spanish.','',106,3,'\0',NULL),(571,'miembro asociado',NULL,NULL,NULL,107,3,'\0',NULL),(572,'coordinador de estrategia de área',NULL,NULL,NULL,108,3,'\0',NULL),(573,'credencial archivada',NULL,NULL,NULL,109,3,'\0',NULL),(574,'comité de finanzas',NULL,'This is a generic term and should not be capitalized in Spanish. However, when used as part of a named group, it should be capitalized: \"District Assembly Finance Committee\", 2017 Manual 215.','',110,3,'\0',NULL),(575,'desde el púlpito',NULL,NULL,NULL,111,3,'\0',NULL),(576,'miembro en plena comunión',NULL,NULL,NULL,112,3,'\0',NULL),(577,'membresía activa',NULL,NULL,NULL,113,3,'\0',NULL),(578,'iglesia oficialmente organizada',NULL,NULL,NULL,114,3,'\0',NULL),(579,'Comité de Preparación de la Asamblea General',NULL,'This is a named group and should be capitalized in Spanish.','',115,3,'\0',NULL),(580,'Junta General',NULL,'This is a named group and should be capitalized in Spanish.','',118,3,'\0',NULL),(581,'Comité General de Acción Cristiana',NULL,'This is a named group and should be capitalized in Spanish.','',121,3,'\0',NULL),(582,'Corte General de Apelaciones',NULL,NULL,NULL,122,3,'\0',NULL),(583,'superintendente general',NULL,NULL,NULL,123,3,'\0',NULL),(584,'superintendente general en jurisdicción',NULL,NULL,NULL,124,3,'\0',NULL),(585,'superintendente general en jurisdicción',NULL,NULL,NULL,125,3,'\0',NULL),(586,'Comité Global de Administración y Finanzas',NULL,'This is a named group and should be capitalized in Spanish.','',126,3,'\0',NULL),(587,'Centro Global de Ministerios',NULL,NULL,NULL,127,3,'\0',NULL),(588,'Misión Global',NULL,NULL,NULL,128,3,'\0',NULL),(589,'Comité de Misión Global',NULL,'This is a named group and should be capitalized in Spanish. Also, this term is \"Global Mission\" and does not reflect one of the three levels (local, district, global).','NOT \"Comité Global de Misión\"',129,3,'\0',NULL),(590,'evangelista llamado por Dios',NULL,NULL,NULL,133,3,'\0',NULL),(591,'buena relación',NULL,NULL,NULL,134,3,'\0',NULL),(592,'educación superior',NULL,NULL,NULL,136,3,'\0',NULL),(593,'Movimiento de Santidad',NULL,NULL,NULL,137,3,'\0',NULL),(594,'pastor anfitrión',NULL,NULL,NULL,139,3,'\0',NULL),(595,'miembro inactivo',NULL,NULL,NULL,140,3,'\0',NULL),(596,'membresía inactiva',NULL,NULL,NULL,141,3,'\0',NULL),(597,'lista de la membresía inactiva',NULL,NULL,NULL,142,3,'\0',NULL),(598,'pastor interino',NULL,NULL,NULL,143,3,'\0',NULL),(599,'Junta Internacional de Eduación',NULL,'This is a named group and should be capitalized in Spanish.','',144,3,'\0',NULL),(600,'Comité Internacional del Programa de Estudios',NULL,'This is a named group and should be capitalized in Spanish.','',145,3,'\0',NULL),(601,'Guía Internacional de Desarrollo Ministerial para la Ordenación',NULL,NULL,NULL,147,3,'\0',NULL),(602,'comité de investigación',NULL,'This is a generic term and should not be capitalized in Spanish.','',149,3,'\0',NULL),(603,'laicado (sustantivo)',NULL,NULL,NULL,151,3,'\0',NULL),(604,'laico (adj.)',NULL,NULL,NULL,152,3,'\0',NULL),(605,'delegado laico',NULL,NULL,NULL,153,3,'\0',NULL),(606,'evangelista laico',NULL,NULL,NULL,154,3,'\0',NULL),(607,'líder laico',NULL,NULL,NULL,155,3,'\0',NULL),(608,'miembro laico',NULL,NULL,NULL,156,3,'\0',NULL),(609,'ministro laico',NULL,NULL,NULL,157,3,'\0',NULL),(610,'ministerio laico',NULL,NULL,NULL,158,3,'\0',NULL),(611,'presidente laico',NULL,NULL,NULL,159,3,'\0',NULL),(612,'ministerios laicos',NULL,NULL,NULL,160,3,'\0',NULL),(613,'evangelista de canto laico',NULL,NULL,NULL,161,3,'\0',NULL),(614,'obrero laico',NULL,NULL,NULL,162,3,'\0',NULL),(615,'persona laica',NULL,NULL,NULL,163,3,'\0',NULL),(616,'líder',NULL,NULL,NULL,164,3,'\0',NULL),(617,'liderazgo',NULL,NULL,NULL,165,3,'\0',NULL),(618,'carta de descargo',NULL,NULL,NULL,166,3,'\0',NULL),(619,'ministro licenciado',NULL,NULL,NULL,167,3,'\0',NULL),(620,'Junta Local de Disciplina',NULL,'This is a named group and should be capitalized in Spanish.','',168,3,'\0',NULL),(621,'iglesia local',NULL,NULL,NULL,169,3,'\0',NULL),(622,'Junta de la Iglesia Local',NULL,'This is a named group and should be capitalized in Spanish.','',170,3,'\0',NULL),(623,'ministro local',NULL,NULL,NULL,171,3,'\0',NULL),(624,'voto mayoritario',NULL,NULL,NULL,172,3,'\0',NULL),(625,'Comité Editorial del Manual',NULL,'This is a named group and should be capitalized in Spanish.','',173,3,'\0',NULL),(626,'miembro',NULL,NULL,NULL,175,3,'\0',NULL),(627,'miembro en buenas relaciones',NULL,NULL,NULL,176,3,'\0',NULL),(628,'miembro del cuerpo ministerial',NULL,NULL,NULL,177,3,'\0',NULL),(629,'membresía',NULL,NULL,NULL,178,3,'\0',NULL),(630,'lista de miembros',NULL,NULL,NULL,179,3,'\0',NULL),(631,'voto de membresía',NULL,NULL,NULL,180,3,'\0',NULL),(632,'ministro',NULL,NULL,NULL,181,3,'\0',NULL),(633,'ministro de educación cristiana',NULL,NULL,NULL,182,3,'\0',NULL),(634,'ministro de música',NULL,NULL,NULL,183,3,'\0',NULL),(635,'credencial ministerial',NULL,NULL,NULL,184,3,'\0',NULL),(636,'actas',NULL,NULL,NULL,185,3,'\0',NULL),(637,'misión',NULL,NULL,NULL,186,3,'\0',NULL),(638,'declaración de misión',NULL,NULL,NULL,187,3,'\0',NULL),(639,'misionero',NULL,NULL,NULL,189,3,'\0',NULL),(640,'esfuerzos misioneros de evangelización',NULL,NULL,NULL,193,3,'\0',NULL),(641,'junta nacional',NULL,'This is a generic term and should not be capitalized in Spanish.','',195,3,'\0',NULL),(642,'institución nazarena',NULL,NULL,NULL,196,3,'\0',NULL),(643,'Misiones Nazarenas Internacionales',NULL,NULL,NULL,197,3,'\0',NULL),(644,'Juventud Nazarena Internacional (JNI)',NULL,'','',198,3,'\0',NULL),(645,'nominar',NULL,NULL,NULL,199,3,'\0',NULL),(646,'cédula nominativa',NULL,NULL,NULL,200,3,'\0',NULL),(647,'comité nominativo',NULL,'','This is a generic term and should not be capitalized in Spanish. However, when used as part of a named group, it should be capitalized: \"District Nominating Committee\", 2017 Manual 242.',201,3,'\0',NULL),(648,'nominación',NULL,NULL,NULL,202,3,'\0',NULL),(649,'nominado',NULL,NULL,NULL,203,3,'\0',NULL),(650,'fondos operativos',NULL,NULL,NULL,205,3,'\0',NULL),(651,'personal operativo',NULL,NULL,NULL,206,3,'\0',NULL),(652,'Ordenar',NULL,NULL,NULL,207,3,'\0',NULL),(653,'diácono ordenado',NULL,NULL,NULL,208,3,'\0',NULL),(654,'presbítero ordenado',NULL,NULL,NULL,209,3,'\0',NULL),(655,'ministro ordenado',NULL,NULL,NULL,210,3,'\0',NULL),(656,'ordenación',NULL,NULL,NULL,211,3,'\0',NULL),(657,'iglesia organizada',NULL,NULL,NULL,212,3,'\0',NULL),(658,'expansión',NULL,NULL,NULL,213,3,'\0',NULL),(659,'personal pagado',NULL,NULL,NULL,214,3,'\0',NULL),(660,'personal distrital pagado',NULL,NULL,NULL,215,3,'\0',NULL),(661,'condiciones pastorales',NULL,NULL,NULL,216,3,'\0',NULL),(662,'asignación pastoral',NULL,NULL,NULL,217,3,'\0',NULL),(663,'ayudante pastoral',NULL,NULL,NULL,218,3,'\0',NULL),(664,'llamamiento pastoral',NULL,NULL,NULL,219,3,'\0',NULL),(665,'cuidado pastoral',NULL,NULL,NULL,220,3,'\0',NULL),(666,'equipo pastoral',NULL,NULL,NULL,221,3,'\0',NULL),(667,'suplencia pastoral',NULL,NULL,NULL,222,3,'\0',NULL),(668,'Pensions and Benefits International',NULL,NULL,NULL,223,3,'\0',NULL),(669,'programa de jubilación y beneficios',NULL,NULL,NULL,224,3,'\0',NULL),(670,'junta de pensiones',NULL,'This is a generic term and should not be capitalized in Spanish. ','',225,3,'\0',NULL),(671,'área pionera',NULL,NULL,NULL,226,3,'\0',NULL),(672,'donaciones planificadas y diferidas',NULL,NULL,NULL,227,3,'\0',NULL),(673,'pluralidad',NULL,NULL,NULL,228,3,'\0',NULL),(674,'voto por pluralidad',NULL,NULL,NULL,229,3,'\0',NULL),(675,'política',NULL,NULL,NULL,230,3,'\0',NULL),(676,'presidente',NULL,NULL,NULL,231,3,'\0',NULL),(677,'reconocimiento de credenciales',NULL,NULL,NULL,234,3,'\0',NULL),(678,'Comité de Referencia',NULL,'This is a named group and should be capitalized in Spanish.','',236,3,'\0',NULL),(679,'Concilio Regional Consultivo',NULL,'This is a named group and should be capitalized in Spanish.','',237,3,'\0',NULL),(680,'Junta Regional de Disciplina',NULL,'This is a named group and should be capitalized in Spanish.','',238,3,'\0',NULL),(681,'Comité Regional Consultor del Programa de Estudios',NULL,'This is a named group and should be capitalized in Spanish.','',239,3,'\0',NULL),(682,'corte regional de apelaciones',NULL,NULL,NULL,240,3,'\0',NULL),(683,'evangelista registrado',NULL,NULL,NULL,241,3,'\0',NULL),(684,'despedido',NULL,NULL,NULL,243,3,'\0',NULL),(685,'restauración de credenciales',NULL,NULL,NULL,244,3,'\0',NULL),(686,'jubilado asignado',NULL,NULL,NULL,245,3,'\0',NULL),(687,'ministro jubilado con asignación',NULL,NULL,NULL,246,3,'\0',NULL),(688,'ministro jubilado',NULL,NULL,NULL,247,3,'\0',NULL),(689,'jubilado sin asignación',NULL,NULL,NULL,248,3,'\0',NULL),(690,'devolución de la credencial',NULL,NULL,NULL,249,3,'\0',NULL),(691,'campañas evangelísticas',NULL,NULL,NULL,250,3,'\0',NULL),(692,'escuela (desde recién nacidos hasta la secundaria)',NULL,NULL,NULL,254,3,'\0',NULL),(693,'Junta de Ministerios Internacionales de la Escuela Dominical y Discipulado',NULL,'This is a named group and should be capitalized in Spanish.','',256,3,'\0',NULL),(694,'comité de búsqueda',NULL,'This is a generic term and should not be capitalized in Spanish.','',257,3,'\0',NULL),(695,'autoevaluación',NULL,NULL,NULL,258,3,'\0',NULL),(696,'evangelista de canto',NULL,NULL,NULL,261,3,'\0',NULL),(697,'Guía de Desarrollo Ministerial',NULL,NULL,NULL,262,3,'\0',NULL),(698,'comité permanente',NULL,'This is a generic term and should not be capitalized in Spanish.','',265,3,'\0',NULL),(699,'mayordomo',NULL,NULL,NULL,266,3,'\0',NULL),(700,'mayordomía',NULL,NULL,NULL,267,3,'\0',NULL),(701,'Comité de Mayordomía',NULL,'This is a named group and should be capitalized in Spanish. ','',268,3,'\0',NULL),(702,'Ministerio Internacional de la Escuela Dominical y Discipulado',NULL,'','',269,3,'\0',NULL),(703,'credencial entregada',NULL,NULL,NULL,271,3,'\0',NULL),(704,'Comité del Diez Por Ciento',NULL,'This is a named group and should be capitalized in Spanish. ','',272,3,'\0',NULL),(705,'evangelista titulado',NULL,NULL,NULL,273,3,'\0',NULL),(706,'asignar',NULL,NULL,NULL,275,3,'\0',NULL),(707,'presidir',NULL,NULL,NULL,276,3,'\0',NULL),(708,'Hacer discípulos semejantes a Cristo en la naciones',NULL,NULL,NULL,277,3,'\0',NULL),(709,'ministrar',NULL,NULL,NULL,278,3,'\0',NULL),(710,'ecónomo',NULL,NULL,NULL,279,3,'\0',NULL),(711,'programa de estudios aprobado',NULL,NULL,NULL,281,3,'\0',NULL),(712,'visión',NULL,NULL,NULL,282,3,'\0',NULL),(713,'tradición wesleyana de santidad',NULL,NULL,NULL,284,3,'\0',NULL),(714,'evangelismo mundial',NULL,NULL,NULL,286,3,'\0',NULL),(715,'Fondo para la Evangelización Mundial',NULL,NULL,NULL,287,3,'\0',NULL),(716,'voto escrito de “sí” o “no”',NULL,NULL,NULL,288,3,'\0',NULL),(717,'voto de “sí” o “no”',NULL,NULL,NULL,289,3,'\0',NULL),(718,'albanian translation',NULL,'','',1,4,'','2017-11-08 14:19:51'),(719,'surintendant de district',NULL,'','',18,1,'','2017-11-08 14:24:24'),(720,'surintendant de district',NULL,'','',291,4,'','2017-11-20 10:28:15'),(721,'surintendant de district',NULL,'','',291,1,'\0',NULL),(722,'kryetar zëvendës ',NULL,'','',1,4,'\0',NULL),(723,'megbízott levezető elnök; ügyvezető elnök',NULL,'','',1,9,'','2017-12-15 07:58:00'),(724,'anëtarë aktivë',NULL,'','',2,4,'\0',NULL),(725,'aktív gyülekezeti tag',NULL,'','',2,9,'\0',NULL),(726,'aktív gyülekezeti tag',NULL,'','',2,9,'','2017-11-21 04:15:00'),(727,'lista e anëtarësisë aktive ',NULL,'','',3,4,'\0',NULL),(728,'shërbesë aktive',NULL,'','',4,4,'\0',NULL),(729,'shërbesa për të rriturit',NULL,'','',5,4,'\0',NULL),(730,'shërbesa për të rriturit',NULL,'','',5,4,'','2017-11-21 05:49:18'),(731,'shërbesa për të rriturit',NULL,'','',5,4,'','2017-11-21 06:01:44'),(732,'rezervë',NULL,'','',6,4,'\0',NULL),(733,'delegatë rezervë',NULL,'','',6,4,'\0',NULL),(734,'aktív gyülekezeti tagok tagnyilvántartása',NULL,'','',3,9,'\0',NULL),(735,'buxheti vjetor',NULL,'','',8,4,'\0',NULL),(736,'aktív szolgálat',NULL,'','',4,9,'\0',NULL),(737,'Felnőttkorcsoport szolgálat',NULL,'','',5,9,'\0',NULL),(738,'besim apostolik',NULL,'','',9,4,'\0',NULL),(739,'pót-; pótküldött',NULL,'','',6,9,'\0',NULL),(740,'statusi i caktuar',NULL,'','',10,4,'\0',NULL),(741,'misione të veçanta të aprovuara ',NULL,'','',11,4,'\0',NULL),(742,'pótküldött',NULL,'','',7,9,'\0',NULL),(743,'éves költségvetés',NULL,'','',8,9,'\0',NULL),(744,'delegatë rezervë',NULL,'','',7,4,'\0',NULL),(745,'apostoli hit',NULL,'','',9,9,'\0',NULL),(746,'Nenet e Qeverisjes',NULL,'','',13,4,'\0',NULL),(747,'kinevezéssel szerzett státusz',NULL,'','',10,9,'\0',NULL),(748,'jóváhagyott különleges missziós adomány',NULL,'','',11,9,'\0',NULL),(749,'shërbyes në detyrë',NULL,'','',14,4,'\0',NULL),(750,'hitcikkely',NULL,'','',12,4,'\0',NULL),(751,'egyházigazgatási cikkelyek',NULL,'','',13,9,'\0',NULL),(752,'shërbyes i shuguruar në detyrë',NULL,'','',15,4,'\0',NULL),(753,'megbízott szolgáló',NULL,'','',14,9,'','2017-12-15 07:57:54'),(754,'pastor në detyrë',NULL,'','',16,4,'\0',NULL),(755,'megbízott felszentelt szolgáló',NULL,'','',14,9,'\0',NULL),(756,'i asociuar / shoqërues',NULL,'','',17,4,'\0',NULL),(757,'megbízott lelkész',NULL,'','',16,9,'\0',NULL),(758,'ndihmës mbikqyrës',NULL,'','',18,4,'\0',NULL),(759,'ndihmës mbikqyrës',NULL,'','',18,4,'\0',NULL),(760,'i asociuar / shoqërues',NULL,'','',19,4,'\0',NULL),(761,'pastor i asociuar',NULL,'','',20,4,'\0',NULL),(762,'votim',NULL,'','',21,4,'\0',NULL),(763,'pagëzim me Frymën e Shenjtë',NULL,'','',22,4,'\0',NULL),(764,'segédszuperintendens',NULL,'','',18,9,'\0',NULL),(765,'konkurs biblik',NULL,'','',23,4,'\0',NULL),(766,'segédlelkész',NULL,'','',16,9,'','2017-11-27 16:14:52'),(767,'pastor në kishë dhe i punësuar jashtë kishe',NULL,'','',24,4,'\0',NULL),(768,'bordi i disiplinës ',NULL,'','',25,4,'\0',NULL),(769,'titkos szavazás/szavazócédula',NULL,'','',21,9,'\0',NULL),(770,'Bordi i Mbikqyrësve të Përgjithshëm',NULL,'','',25,4,'','2017-12-15 08:10:46'),(771,'Bordi amerikan i pensioneve dhe përfitimeve',NULL,'','',27,4,'\0',NULL),(772,'Szentlélekkeresztség',NULL,'','',22,9,'\0',NULL),(773,'Szentlélekkeresztség',NULL,'','',23,9,'\0',NULL),(774,'bivocational pastor',NULL,'','',24,9,'\0',NULL),(775,'fegyelmi testület',NULL,'','',25,9,'\0',NULL),(776,'Egyetemes Szuperintendensek Testülete',NULL,'','',25,9,'\0',NULL),(777,'Egyetemes Szuperintendensek Testülete',NULL,'','',26,9,'\0',NULL),(778,'USA Nyugdíj és Juttatások Testülete',NULL,'','',27,9,'\0',NULL),(779,'szavazatszámláló bizottság',NULL,'','',28,9,'\0',NULL),(780,'bordi i numërimit të votave',NULL,'','',25,4,'\0',NULL),(781,'bordi i numërimit të votave',NULL,'','',28,4,'\0',NULL),(782,'meghívott lelkész',NULL,'','',29,9,'\0',NULL),(783,'jelölőgyűlés',NULL,'','',30,9,'\0',NULL),(784,'pastor i thirrur',NULL,'','',16,4,'\0',NULL),(785,'pastor i thirrur',NULL,'','',29,4,'\0',NULL),(786,'mbledhje, takime',NULL,'','',30,4,'\0',NULL),(787,'chủ tịch tạm thời ',NULL,'','',1,12,'\0',NULL),(788,'thành viên tích cực',NULL,'','',2,12,'\0',NULL),(789,'danh sách thành viên tích cực ',NULL,'','',3,12,'\0',NULL),(790,'phục vụ tích cực',NULL,'','',4,12,'\0',NULL),(791,'mục vụ dành cho người lớn',NULL,'Adult Ministries (International) = M?c v? dành cho Ng??i l?n (Quô?c tê?)\r\n','',5,12,'\0',NULL),(792,'người dự bị',NULL,'','',6,12,'\0',NULL),(793,'đại diện dự bị',NULL,'','',6,12,'\0',NULL),(794,'ngân sách thường niên ',NULL,'','',8,12,'\0',NULL),(795,'đức tin các sứ đồ',NULL,'','',9,12,'\0',NULL),(796,'vị trí chỉ định',NULL,'','',10,12,'\0',NULL),(797,'dự án đặc biệt đã được chấp thuận ',NULL,'','',11,12,'\0',NULL),(798,'điều khoản bản tuyên xưng đức tin ',NULL,'','',9,12,'','2017-12-15 07:54:34'),(799,'Điều khoản Chính thể',NULL,'','',13,12,'\0',NULL),(800,'nhân sự/mục sư được bổ nhiệm',NULL,'','',14,12,'\0',NULL),(801,'nhân sự/mục sư tấn phong được bổ nhiệm',NULL,'','',14,12,'','2017-12-15 07:56:47'),(802,'mục sư được bổ nhiệm',NULL,'','',16,12,'\0',NULL),(803,'người phụ tá',NULL,'','',17,12,'\0',NULL),(804,' phụ tá quản nhiệm',NULL,'','',18,12,'\0',NULL),(805,'người cộng sự ',NULL,'','',19,12,'\0',NULL),(806,'mục sư cộng sự ',NULL,'','',16,12,'','2017-12-15 07:58:22'),(807,'phiếu bầu',NULL,'','',21,12,'\0',NULL),(808,'báp têm bởi Thánh Linh',NULL,'','',22,12,'\0',NULL),(809,'đố Kinh Thánh',NULL,'','',23,12,'\0',NULL),(810,'danh sách thành viên tích cực ',NULL,'','',3,12,'','2017-12-21 08:41:43'),(811,'hành vi không phù hợp đối với một nhân sự / mục sư',NULL,'','',69,12,'\0',NULL),(812,'chỉ định',NULL,'','',275,12,'\0',NULL),(813,'nhân sự/mục sư tấn phong được bổ nhiệm',NULL,'','',15,12,'\0',NULL),(814,'mời làm mục sư',NULL,'','',292,12,'\0',NULL),(815,'tuyên úy',NULL,'','',35,12,'\0',NULL),(816,'một trong những thành viên đầu tiên',NULL,'','',36,12,'\0',NULL),(817,'giám đốc điều hành',NULL,'','',37,12,'\0',NULL),(818,'nhà trẻ/trường  (nhà trẻ đến trung học)',NULL,'','',38,12,'\0',NULL),(819,'giờ thờ phượng dành cho thiếu nhi',NULL,'','',39,12,'\0',NULL),(820,'Ban Mục vụ Thiếu nhi (Quốc tế)',NULL,'','',40,12,'\0',NULL),(821,'trưởng ban Mục vụ Thiếu nhi (Quốc tế)',NULL,'','',41,12,'\0',NULL),(822,' trưởng ban truyền giáo thiếu nhi ',NULL,'','',42,12,'\0',NULL),(823,'Sự thánh khiết của Cơ đốc nhân',NULL,'','',43,12,'\0',NULL),(824,'Sự trọn vẹn của Cơ đốc nhân',NULL,'','',44,12,'\0',NULL),(825,'linh vụ Cơ đốc',NULL,'','',45,12,'\0',NULL),(826,'giống như đấng Christ ',NULL,'','',46,12,'\0',NULL),(827,'tính cách giống như đấng Christ ',NULL,'','',47,12,'\0',NULL),(828,'ban châp hành hội thánh',NULL,'','',48,12,'\0',NULL),(829,'ngân sách hội thánh',NULL,'','',49,12,'\0',NULL),(830,'ủy ban mở mang hội thánh',NULL,'','',50,12,'\0',NULL),(831,'thành viên của hội thánh (địa vị)',NULL,'','',51,12,'\0',NULL),(832,'người khởi lập hội thánh',NULL,'','',52,12,'\0',NULL),(833,'khởi lập hội thánh',NULL,'','',53,12,'\0',NULL),(834,' niên giám hội thánh ',NULL,'','',54,12,'\0',NULL),(835,'sự quan hệ giữa hội chúng / mục sư',NULL,'','',56,12,'\0',NULL),(836,'xem xét lại quan hệ giữa hội chúng / mục sư',NULL,'','',57,12,'\0',NULL),(837,'dự án theo mô hình hội thánh ',NULL,'','',55,12,'\0',NULL),(838,'hàng giáo phẩm',NULL,'','',58,12,'\0',NULL),(839,'Phát triển Hàng giáo phẩm',NULL,'','',59,12,'\0',NULL),(840,'văn phòng Phát triển Hàng giáo phẩm',NULL,'','',60,12,'\0',NULL),(841,'hành vi sai trái của hàng giáo phẩm',NULL,'','',61,12,'\0',NULL),(842,'cao đẳng / đại học',NULL,'','',63,12,'\0',NULL),(843,'nhà truyền giáo đặc nhiệm',NULL,'','',64,12,'\0',NULL),(844,'giáo sĩ đặc nhiệm',NULL,'','',65,12,'\0',NULL),(845,'những vai trò đặc nhiệm của mục vụ ',NULL,'','',66,12,'\0',NULL),(846,'Ủy ban chịu trách nhiệm về Nhà truyền giáo Chúa kêu gọi',NULL,'','',67,12,'\0',NULL),(847,'mục vụ thương xót',NULL,'','',68,12,'\0',NULL),(848,'cử tri  ',NULL,'','',70,12,'\0',NULL),(849,'Huấn luyện Liên tục cho Giáo dân',NULL,'','',71,12,'\0',NULL),(850,'mục sư cộng sự',NULL,'','',62,12,'\0',NULL),(851,'những giá trị căn bản',NULL,'','',72,12,'\0',NULL),(852,'khoá học dành cho mục vụ',NULL,'','',73,12,'\0',NULL),(853,'ủy ban tư vấn khóa học dành cho mục vụ',NULL,'','',74,12,'\0',NULL),(854,'ủy ban tư vấn khóa học dành cho mục vụ',NULL,'','',74,12,'\0',NULL),(855,'danh sách trẻ sơ sinh',NULL,'','',75,12,'\0',NULL),(856,'giấy chứng thư',NULL,'','',76,12,'\0',NULL),(857,'ngân sách tài chánh thường niên của năm gần nhất ',NULL,'','',77,12,'\0',NULL),(858,'chấp sự ',NULL,'','',78,12,'\0',NULL),(859,'nữ chấp sự',NULL,'','',79,12,'\0',NULL),(860,'người đại diện ',NULL,'','',80,12,'\0',NULL),(861,'người đại diện mới được bầu',NULL,'','',81,12,'\0',NULL),(862,'ban cố vấn giáo hạt',NULL,'','',82,12,'\0',NULL),(863,'ủy ban tài chánh hội đồng giáo hạt',NULL,'','',83,12,'\0',NULL),(864,'người phụ tá giáo hạt',NULL,'','',84,12,'\0',NULL),(865,'những người phụ tá giáo hạt',NULL,'','',85,12,'\0',NULL),(866,'ban kỷ luật giáo hạt',NULL,'','',86,12,'\0',NULL),(867,'ban mục vụ giáo hạt',NULL,'','',87,12,'\0',NULL),(868,'giám đốc ngành tuyên úy của giáo hạt',NULL,'','',88,12,'\0',NULL),(869,'ban bất động sản hội thánh của giáo hạt',NULL,'','',89,12,'\0',NULL),(870,' tòa phúc thẩm giáo hạt (xét đơn kháng án)     ',NULL,'','',90,12,'\0',NULL),(871,'ban truyền giảng của giáo hạt',NULL,'','',91,12,'\0',NULL),(872,'người được giáo hạt chỉ định tạm thời',NULL,'','',93,12,'\0',NULL),(873,'giấy phép giáo hạt',NULL,'','',94,12,'\0',NULL),(874,'nhân sự được cấp giấy phép giáo hạt  ',NULL,'','',95,12,'\0',NULL),(875,'ban cấp chứng thư mục vụ giáo hạt',NULL,'','',96,12,'\0',NULL),(876,'ban giáo dục mục vụ giáo hạt',NULL,'','',97,12,'\0',NULL),(877,'quỹ mục vụ giáo hạt',NULL,'','',98,12,'\0',NULL),(878,'đặc ủy viên giáo dục ',NULL,'','',99,12,'\0',NULL),(879,'viện giáo dục',NULL,'','',100,12,'\0',NULL),(880,'trưởng lão ',NULL,'','',101,12,'\0',NULL),(881,'lá phiếu bầu ',NULL,'','',102,12,'\0',NULL),(882,'sự nên thánh trọn vẹn',NULL,'','',103,12,'\0',NULL),(883,'ủy ban truyền giảng và tiếp nhận thuộc viên',NULL,'','',104,12,'\0',NULL),(884,'nhà truyền giáo',NULL,'','',105,12,'\0',NULL),(885,'ủy ban điều hành  ',NULL,'','',106,12,'\0',NULL),(886,' ̣thành viên cảm tình',NULL,'','',107,12,'\0',NULL),(887,'giám đốc vùng',NULL,'','',108,12,'\0',NULL),(888,'chứng thư được lưu trữ',NULL,'','',109,12,'\0',NULL),(889,'ủy ban tài chánh',NULL,'','',110,12,'\0',NULL),(890,'từ bục giảng (lời nói)',NULL,'','',111,12,'\0',NULL),(891,'thành viên chính thức (điạ vị)',NULL,'','',113,12,'\0',NULL),(892,'hội thánh có tổ chức đầy đủ',NULL,'','',114,12,'\0',NULL),(893,'Ủy ban Tổ chức Đại Hội đồng Tổng hội',NULL,'','',115,12,'\0',NULL),(894,'Ban Ủy quyền Đại Hội đồng Tổng hội',NULL,'','',116,12,'\0',NULL),(895,'Ủy ban Chứng thư của  Đại Hội đồng Tổng hội',NULL,'','',117,12,'\0',NULL),(896,'Ban Tổng hội',NULL,'','',118,12,'\0',NULL),(897,' Tổng Ủy ban Hoạt động Cơ đốc',NULL,'','',121,12,'\0',NULL),(898,'Tòa Phúc thẩm Tổng hội (xét đơn kháng cáo)',NULL,'','',122,12,'\0',NULL),(899,'tổng quản nhiệm',NULL,'','',123,12,'\0',NULL),(900,'tổng quản nhiệm có thẩm quyền ',NULL,'','',124,12,'\0',NULL),(901,'tổng quản nhiệm có thẩm quyền ',NULL,'','',125,12,'\0',NULL),(902,'Ủy ban Hành chánh và Tài chánh Toàn cầu  ',NULL,'','',126,12,'\0',NULL),(903,'Trung tâm Mục vụ Toàn cầu',NULL,'','',127,12,'\0',NULL),(904,'Truyên giáo Toàn cầu  ',NULL,'','',128,12,'\0',NULL),(905,'Ủy ban Truyên giáo Toàn cầu ',NULL,'','',129,12,'\0',NULL),(906,'Hội đồng Thanh niên Nazarene Quốc tế Toàn cầu',NULL,'','',131,12,'\0',NULL),(907,'chủ tịch Hội đồng Thanh niên Nazarene Quốc tế Toàn cầu',NULL,'','',132,12,'\0',NULL),(908,'nhà truyền giảng được Chúa kêu gọi ',NULL,'','',133,12,'\0',NULL),(909,'có uy tín ',NULL,'','',134,12,'\0',NULL),(910,'Điều răn Mới',NULL,'','',135,12,'\0',NULL),(911,'giáo dục cấp cao ',NULL,'','',136,12,'\0',NULL),(912,'phong trào thánh khiết ',NULL,'','',137,12,'\0',NULL),(913,'thánh nhân',NULL,'','',138,12,'\0',NULL),(914,'mục sư tại địa phương',NULL,'','',139,12,'\0',NULL),(915,'thành viên không tham gia',NULL,'','',140,12,'\0',NULL),(916,'thành viên không tham gia ',NULL,'','',141,12,'\0',NULL),(917,'danh sách thành viên không tham gia ',NULL,'','',142,12,'\0',NULL),(918,'mục sư tạm thời ',NULL,'','',143,12,'\0',NULL),(919,'Ban Giáo dục Quốc tế ',NULL,'','',144,12,'\0',NULL),(920,'Ủy ban Tư vấn Khoá học dành cho Mục vụ Quốc tế  (UBTVKHDCMVQT)',NULL,'','',145,12,'\0',NULL),(921,'Nguồn sách Quốc tế về Tiêu chuẩn Phát triển cho việc Tấn phong ',NULL,'','',147,12,'\0',NULL),(922,'quốc tế hóa',NULL,'','',148,12,'\0',NULL),(923,'ủy ban điều tra ',NULL,'','',149,12,'\0',NULL),(924,'giáo hữu',NULL,'','',151,12,'\0',NULL),(925,'giáo hữu / không thuộc hàng giáo phẩm',NULL,'','',152,12,'\0',NULL),(926,'người đại diện không thuộc hàng giáo phẩm',NULL,'','',153,12,'\0',NULL),(927,'người truyền giáo không thuộc hàng giáo phẩm',NULL,'','',154,12,'\0',NULL),(928,'lãnh đạo không thuộc hàng giáo phẩm',NULL,'','',155,12,'\0',NULL),(929,'thành viên giáo hữu',NULL,'','',156,12,'\0',NULL),(930,'nhân sự giáo hữu',NULL,'','',157,12,'\0',NULL),(931,'mục vụ giáo hữu',NULL,'','',158,12,'\0',NULL),(932,'chủ tịch không thuộc hàng giáo phẩm',NULL,'','',159,12,'\0',NULL),(933,' sự phục vụ giáo hữu',NULL,'','',160,12,'\0',NULL),(934,'giáo hữu phục vụ truyền giảng bằng âm nhạc',NULL,'','',161,12,'\0',NULL),(935,'người phục vụ không thuộc hàng giáo phẩm',NULL,'','',162,12,'\0',NULL),(936,'giáo hữu',NULL,'','',163,12,'\0',NULL),(937,'lãnh đạo',NULL,'','',164,12,'\0',NULL),(938,'lãnh đạo (địa vị)',NULL,'','',165,12,'\0',NULL),(939,'đơn xin rút tên',NULL,'','',166,12,'\0',NULL),(940,'nhân sự / mục sư được cấp giấy phép',NULL,'','',167,12,'\0',NULL),(941,'ban kỷ luật địa phương',NULL,'','',168,12,'\0',NULL),(942,'hội thánh địa phương ',NULL,'','',169,12,'\0',NULL),(943,'ban chấp hành hội thánh địa phương ',NULL,'','',170,12,'\0',NULL),(944,'nhân sư / mục sư địa phương ',NULL,'','',171,12,'\0',NULL),(945,'phiếu bầu đa số ',NULL,'','',172,12,'\0',NULL),(946,'Ủy ban Tu chỉnh Cẩm nang    ',NULL,'','',173,12,'\0',NULL),(947,'chế độ thai sản cho mẹ / cha',NULL,'','',174,12,'\0',NULL),(948,'thành viên',NULL,'','',175,12,'\0',NULL),(949,'thành viên có uy tín',NULL,'','',176,12,'\0',NULL),(950,'thành viên hàng giáo phẩm',NULL,'','',177,12,'\0',NULL),(951,'thành viên',NULL,'','',178,12,'\0',NULL),(952,'danh sách thành viên',NULL,'','',179,12,'\0',NULL),(953,'mục sư / nhân sự',NULL,'','',181,12,'\0',NULL),(954,'mục vụ ngành giáo dục Cơ đốc',NULL,'','',182,12,'\0',NULL),(955,' mục sư âm nhạc',NULL,'','',183,12,'\0',NULL),(956,'chứng thư mục vụ ',NULL,'','',184,12,'\0',NULL),(957,'biên bản',NULL,'','',185,12,'\0',NULL),(958,'sứ mệnh (sứ mệnh hội thánh)',NULL,'','',186,12,'\0',NULL),(959,'tuyên ngôn sứ mệnh',NULL,'','',187,12,'\0',NULL),(960,'thi hành sứ mệnh',NULL,'','',188,12,'\0',NULL),(961,'giáo sĩ',NULL,'','',189,12,'\0',NULL),(962,'nỗ lực truyền giáo của giáo sĩ',NULL,'','',193,12,'\0',NULL),(963,'ban điều hành quốc gía',NULL,'','',195,12,'\0',NULL),(964,'Đoàn Truyền giáo Nazarene Quốc tế ',NULL,'','',197,12,'\0',NULL),(965,'Đoàn Thanh niên Nazarene Quốc tế  ',NULL,'','',198,12,'\0',NULL),(966,'tiến cử',NULL,'','',199,12,'\0',NULL),(967,'phiếu bầu người được tiến cử',NULL,'','',200,12,'\0',NULL),(968,'ủy ban tiến cử',NULL,'','',201,12,'\0',NULL),(969,'sự tiến cử',NULL,'','',202,12,'\0',NULL),(970,'người được tiến cử',NULL,'','',203,12,'\0',NULL),(971,'ngân quỹ điều hành',NULL,'','',205,12,'\0',NULL),(972,'nhân viên điều hành ',NULL,'','',206,12,'\0',NULL),(973,'tấn phong',NULL,'','',207,12,'\0',NULL),(974,'chấp sự được tấn phong',NULL,'','',208,12,'\0',NULL),(975,'trưởng lão được tấn phong',NULL,'','',209,12,'\0',NULL),(976,'nhân sự / mục sư được tấn phong',NULL,'','',210,12,'\0',NULL),(977,'sự tấn phong',NULL,'','',211,12,'\0',NULL),(978,'hội thánh được tổ chức',NULL,'','',212,12,'\0',NULL),(979,'truyền giáo mở rộng ',NULL,'','',213,12,'\0',NULL),(980,'phụ tá có nhận lương',NULL,'','',214,12,'\0',NULL),(981,'phụ tá giáo hạt có nhận lương',NULL,'','',215,12,'\0',NULL),(982,'sự bố trí mục sư',NULL,'','',216,12,'\0',NULL),(983,'bổ nhiệm mục sư ',NULL,'','',217,12,'\0',NULL),(984,'người cộng sự với mục sư',NULL,'','',218,12,'\0',NULL),(985,'lời mời mục sư ',NULL,'','',219,12,'\0',NULL),(986,' thăm viếng chăm sóc',NULL,'','',220,12,'\0',NULL),(987,' nhân viên trong hội thánh ',NULL,'','',221,12,'\0',NULL),(988,' mục sư dự bị',NULL,'','',222,12,'\0',NULL),(989,'Ban Hưu trí và Phúc lợi Quốc tế ',NULL,'','',223,12,'\0',NULL),(990,'chương trình hưu trí và phúc lợi',NULL,'','',224,12,'\0',NULL),(991,'ban hưu trí',NULL,'','',225,12,'\0',NULL),(992,'khu vực tiên phong',NULL,'','',226,12,'\0',NULL),(993,'sự dâng hiến định kỳ theo kế hoạch ',NULL,'','',227,12,'\0',NULL),(994,'đa số ',NULL,'','',228,12,'\0',NULL),(995,'bầu chọn đa số phiếu',NULL,'','',229,12,'\0',NULL),(996,'cách tổ chức ',NULL,'','',230,12,'\0',NULL),(997,'người chủ trì ',NULL,'','',231,12,'\0',NULL),(998,'Tin lành',NULL,'','',232,12,'\0',NULL),(999,'mỗi bốn năm',NULL,'','',233,12,'\0',NULL),(1000,' công nhận chứng thư mục vụ',NULL,'','',234,12,'\0',NULL),(1001,'nhóm phục hồi',NULL,'','',235,12,'\0',NULL),(1002,'ủy ban tra cứu ',NULL,'','',236,12,'\0',NULL),(1003,'hội đồng tư vấn khu vực ',NULL,'','',237,12,'\0',NULL),(1004,'ban kỷ luật khu vực',NULL,'','',238,12,'\0',NULL),(1005,'ủy ban tư vấn khoá học dành cho mục vụ của khu vực ',NULL,'','',239,12,'\0',NULL),(1006,'tòa phúc thẩm khu vực',NULL,'','',240,12,'\0',NULL),(1007,'nhà truyền giáo được đăng ký',NULL,'','',241,12,'\0',NULL),(1008,'từ chức',NULL,'','',243,12,'\0',NULL),(1009,' khôi phục chứng thư  ',NULL,'','',244,12,'\0',NULL),(1010,'người đương nhiệm về hưu',NULL,'','',245,12,'\0',NULL),(1011,'nhân sự / mục sư đương nhiệm về hưu ',NULL,'','',246,12,'\0',NULL),(1012,'nhân sự / mục sư về hưu  ',NULL,'','',247,12,'\0',NULL),(1013,'về hưu khi không đương nhiệm',NULL,'','',248,12,'\0',NULL),(1014,'trả lại chứng thư ',NULL,'','',249,12,'\0',NULL),(1015,'phục hưng',NULL,'','',250,12,'\0',NULL),(1016,'những vai trò mục vụ',NULL,'','',251,12,'\0',NULL),(1017,'Danh sách Nhân sự / Mục sư',NULL,'','',252,12,'\0',NULL),(1018,'trường (từ sơ sinh đến trung học)',NULL,'','',254,12,'\0',NULL),(1019,'sự thánh khiết theo Kinh Thánh',NULL,'','',255,12,'\0',NULL),(1020,'Ban TCNMVMDHQT   (Ban Trường Chù nhật và Mục vụ Môn đồ hóa Quốc tế) ',NULL,'','',256,12,'\0',NULL),(1021,'ủy ban tìm kiếm ',NULL,'','',257,12,'\0',NULL),(1022,'tự đánh giá',NULL,'','',258,12,'\0',NULL),(1023,'Bài giảng trên núi',NULL,'','',259,12,'\0',NULL),(1024,'duy chỉ thành viên mà thôi',NULL,'','',260,12,'\0',NULL),(1025,'nhà truyền giảng âm nhạc',NULL,'','',261,12,'\0',NULL),(1026,'Nguồn sách về việc Tấn phong',NULL,'','',262,12,'\0',NULL),(1027,'đánh giá đặc biệt quan hệ hội thánh / mục sư ',NULL,'','',263,12,'\0',NULL),(1028,'đánh giá đặc biệt quan hệ hội thánh / mục sư',NULL,'','',265,12,'\0',NULL),(1029,'ủy viên linh vụ',NULL,'','',266,12,'\0',NULL),(1030,'linh vụ',NULL,'','',267,12,'\0',NULL),(1031,'ủy ban linh vụ',NULL,'','',268,12,'\0',NULL),(1032,'Trường Chủ nhật và Mục vụ Môn đồ hóa Quốc tế',NULL,'','',269,12,'\0',NULL),(1033,'mục sư dự bị',NULL,'','',270,12,'\0',NULL),(1034,'giao nộp chứng thư',NULL,'','',271,12,'\0',NULL),(1035,'Ủy ban Mười phần trăm',NULL,'','',272,12,'\0',NULL),(1036,'nhà truyền giảng được ủy nhiệm',NULL,'','',273,12,'\0',NULL),(1037,'dâng hiến cảm tạ',NULL,'','',274,12,'\0',NULL),(1038,'chủ tọa',NULL,'','',276,12,'\0',NULL),(1039,'làm cho muôn dân thành môn đồ giống như đấng Christ tại các quốc gía.  ',NULL,'','',277,12,'\0',NULL),(1040,'mục vụ',NULL,'','',278,12,'\0',NULL),(1041,'ủy viên quản trị',NULL,'','',279,12,'\0',NULL),(1042,'nhân sự có giấy phép giáo hạt không được bổ nhiệm',NULL,'','',280,12,'\0',NULL),(1043,'khoá học dành cho mục vụ được xác nhận ',NULL,'','',281,12,'\0',NULL),(1044,'khải tượng (gì đó)',NULL,'','',282,12,'\0',NULL),(1045,'phục hưng Wesley',NULL,'','',283,12,'\0',NULL),(1046,'Thánh khiết - Wesley  ',NULL,'','',284,12,'\0',NULL),(1047,'sự làm chứng của Thánh Linh',NULL,'','',285,12,'\0',NULL),(1048,'truyền giáo thế giới',NULL,'','',286,12,'\0',NULL),(1049,'Quỹ Truyền giáo Thế giới ',NULL,'','',287,12,'\0',NULL),(1050,'phiếu kín “thuận” hay “không thuận” ',NULL,'','',289,12,'\0',NULL),(1051,'bỏ phiếu kín “thuận” hay “không thuận” ',NULL,'','',288,12,'\0',NULL),(1052,'mục vụ thanh niên',NULL,'','',290,12,'\0',NULL),(1053,'delegado suplente',NULL,'','',7,3,'\0',NULL),(1054,'delegado suplente',NULL,'','',7,1,'\0',NULL),(1055,'ministerio apostólico en fe ',NULL,'','',9,3,'\0',NULL),(1056,'Artículos de Gobierno',NULL,'','',13,3,'\0',NULL),(1057,'presbítero asignado',NULL,'','',15,3,'\0',NULL),(1058,'santidad cristiana',NULL,'','',43,3,'\0',NULL),(1059,'perfección cristiana',NULL,'','',44,3,'\0',NULL),(1060,'conducta impropia de un miembro del cuerpo ministerial',NULL,'','',61,3,'\0',NULL),(1061,'comité de finanzas de la asamblea de distrito',NULL,'','',92,3,'','2018-05-30 09:36:39'),(1062,'misionero comisionado',NULL,'','',65,3,'\0',NULL),(1063,'comisionados para funciones ministeriales',NULL,'','',66,3,'\0',NULL),(1064,'conducta impropia de un ministro',NULL,'','',69,3,'\0',NULL),(1065,'presupuesto fiscal anual vigente',NULL,'','',77,3,'\0',NULL),(1066,'Junta de Ministerio de Distrito',NULL,'This is a named board and should be capitalized in Spanish.','Junta del Ministerio de Distrito',87,3,'\0',NULL),(1067,'superintendente de distrito',NULL,'','',291,3,'\0',NULL),(1068,'entera santificación',NULL,'','',103,3,'\0',NULL),(1069,'Comisión de la Asamblea General',NULL,'','',116,3,'\0',NULL),(1070,'Comité de Credenciales de la Asamblea General',NULL,'This is a named group and should be capitalized in Spanish.','',117,3,'\0',NULL),(1071,'misionero comisionado por la Junta General',NULL,'','',119,3,'\0',NULL),(1072,'delegado misionero comisionado por la Junta General',NULL,'','',120,3,'\0',NULL),(1073,'director de Misión Global',NULL,'','',130,3,'\0',NULL),(1074,'Concilio Global de la Juventud Nazarena Internacional',NULL,'','',131,4,'','2018-05-30 09:31:53'),(1075,'presidente del Concilio Global de la Juventud Nazarena Internacional',NULL,'This is a named group and should be capitalized in Spanish.','',132,3,'\0',NULL),(1076,'el Gran Mandamiento',NULL,'','',135,3,'\0',NULL),(1077,'pueblo de santidad',NULL,'','',138,3,'\0',NULL),(1078,'institución de educación superior',NULL,'','',146,3,'\0',NULL),(1079,'internacionalización',NULL,'','',148,3,'\0',NULL),(1080,'licencia por maternidad o paternidad',NULL,'','',174,3,'\0',NULL),(1081,'obra misionera',NULL,'','',188,3,'\0',NULL),(1082,'no negociables',NULL,'','',204,3,'\0',NULL),(1083,'protestante',NULL,'','',232,3,'\0',NULL),(1084,'cuatrienal',NULL,'','',233,3,'\0',NULL),(1085,'equipo de restauración',NULL,'This is a generic term and should not be capitalized in Spanish. ','',235,3,'\0',NULL),(1086,'revisión de la relación regular entre la iglesia y el pastor',NULL,'','',242,3,'\0',NULL),(1087,'funciones de ministerio',NULL,'','',251,3,'\0',NULL),(1088,'Lista de Ministros',NULL,'','',252,3,'\0',NULL),(1089,'sacramentos y rituales',NULL,'','',253,3,'\0',NULL),(1090,'santidad bíblica',NULL,'','',255,3,'\0',NULL),(1091,'Sermón del Monte',NULL,'','',259,3,'\0',NULL),(1092,'entidad única',NULL,'','',260,3,'\0',NULL),(1093,'revisión especial de la relación de la iglesia y el pastor',NULL,'','',263,3,'\0',NULL),(1094,'distrito auspiciador',NULL,'','',264,3,'\0',NULL),(1095,'pastor suplente',NULL,'','',270,3,'\0',NULL),(1096,'Ofrenda de Acción de Gracias',NULL,'','',274,3,'\0',NULL),(1097,'llamado al pastorado',NULL,'','',292,3,'\0',NULL),(1098,'ministro licenciado de distrito sin asignación',NULL,'','',280,3,'\0',NULL),(1099,'avivamiento wesleyano',NULL,'','',283,3,'\0',NULL),(1100,'testimonio del Espíritu',NULL,'','',285,3,'\0',NULL),(1101,'ministerio juvenil',NULL,'','',290,3,'\0',NULL),(1102,'Consorcio Global de Educación Nazarena',NULL,'\"Consortium\" is not the same as a \"Council.\" This is a named group and should be capitalized in Spanish.','Concilio Internacional de Educación Superior',293,3,'\0',NULL),(1103,'Región EUA/Canadá',NULL,'','',294,3,'\0',NULL),(1104,'Región África',NULL,'','',295,3,'\0',NULL),(1105,'Región Asia Pacífico',NULL,'','',296,3,'\0',NULL),(1106,'Región Eurasia',NULL,'','',297,3,'\0',NULL),(1107,'Región Mesoamérica',NULL,'','',298,3,'\0',NULL),(1108,'Región América del Sur',NULL,'','',299,3,'\0',NULL),(1109,'ex oficio',NULL,'','',0,3,'\0',NULL),(1110,'Sé. Hazlo. Ve.',NULL,'','',300,3,'\0',NULL),(1111,'Seja. Faça. Vá.',NULL,'','',300,2,'\0',NULL),(1112,'Seja. Faça. Vá.',NULL,'','',300,13,'\0',NULL),(1113,'Soyez. Faites. Allez.',NULL,'','',300,1,'\0',NULL),(1114,'presidente distrital de JNI',NULL,'','',301,3,'\0',NULL),(1115,'président de la JNI de district',NULL,'','',301,1,'\0',NULL),(1116,'Presidente Distrital da JNI',NULL,'','',301,13,'\0',NULL),(1117,'Presidente Distrital da JNI',NULL,'','',301,2,'\0',NULL),(1118,'Coordinador de Área de Jóvenes',NULL,'','',302,3,'\0',NULL),(1119,'Coordenador de Área de Jovens',NULL,'','',302,13,'\0',NULL),(1120,'Coordenador de Área de Jovens',NULL,'','',302,2,'\0',NULL),(1121,'Conferencia para los Coordinadores de Área de Jóvenes',NULL,'','',303,3,'\0',NULL),(1122,'Conferencia para os Coordenadores de Área de Jovens',NULL,'','',303,13,'\0',NULL),(1123,'Conferencia para os Coordenadores de Área de Jovens',NULL,'','',303,2,'\0',NULL),(1124,'presidente del Concilio Global de la JNI',NULL,'This is a named group and should be capitalized in Spanish.','',304,3,'\0',NULL),(1125,'Presidente do Conselho Global da JNI',NULL,'','',304,13,'\0',NULL),(1126,'Presidente do Conselho Global da JNI',NULL,'','',304,2,'\0',NULL),(1127,'président du conseil mondial de la JNI',NULL,'','',304,1,'\0',NULL),(1128,'Juventude Nazarena Internacional (JNI)',NULL,'','',198,13,'\0',NULL),(1129,'Convención Global de la JNI',NULL,'','',305,3,'\0',NULL),(1130,'Convenção da JNI Global',NULL,'','',305,2,'\0',NULL),(1131,'Convenção da JNI Global',NULL,'','',305,13,'\0',NULL),(1132,'Concilio Global de la JNI',NULL,'This is a named group and should be capitalized in Spanish.','',306,3,'\0',NULL),(1133,'Conselho Global da JNI',NULL,'','',306,13,'\0',NULL),(1134,'Conselho Global da JNI',NULL,'','',306,2,'\0',NULL),(1135,'Director de la JNI Global',NULL,'','',306,3,'','2018-05-18 11:33:01'),(1136,'Director de la JNI Global',NULL,'','',307,3,'\0',NULL),(1137,'Diretor Global da JNI',NULL,'','',307,13,'\0',NULL),(1138,'Diretor Global da JNI',NULL,'','',307,2,'\0',NULL),(1139,'Estatuto de la JNI y Planes de Ministerio',NULL,'','',308,3,'\0',NULL),(1140,'Coordinador(a) Regional de la JNI',NULL,'also: Coordinador(a) Regional de Jóvenes','',309,3,'\0',NULL),(1141,'Coordenador(a) Regional de Jovens ',NULL,'alsoL Coordenador(a) Regional da JNI','',309,2,'\0',NULL),(1142,'Coordenador(a) Regional de Jovens  ',NULL,'also: Coordenador(a) Regional da JNI','',309,13,'\0',NULL),(1143,'coordinateur régional de la jeunesse',NULL,'also: coordinateur régional de la JNI','',309,1,'\0',NULL),(1144,'Tercera Ola',NULL,'','',310,3,'\0',NULL),(1145,'Terceira Onda',NULL,'','',310,13,'\0',NULL),(1146,'Terceira Onda',NULL,'','',310,2,'\0',NULL),(1147,'Troisième Vague ',NULL,'','',310,1,'\0',NULL),(1148,'Jóvenes en Misión',NULL,'','',311,3,'\0',NULL),(1149,'Academia de Ministerio Juvenil',NULL,'','',312,3,'\0',NULL),(1150,'Academia de Ministério Juvenil',NULL,'','',312,13,'\0',NULL),(1151,'Academia de Ministério Juvenil',NULL,'','',312,2,'\0',NULL),(1152,'Académie du ministère auprès de la jeunesse',NULL,'','',312,1,'\0',NULL),(1153,'Comité Nominativo de Distrito',NULL,'This is a named group and should be capitalized in Spanish.','',313,3,'\0',NULL),(1154,'presidente distrital de MIEDD',NULL,'','',314,3,'\0',NULL),(1155,'presidente distrital de MNI',NULL,'','',315,3,'\0',NULL),(1156,'asamblea de distrito',NULL,'1) This is a generic term and is not capitalized.\r\n2) \"del distrito\" is used in cases where the context indicates a specific assembly. (532.8 \"Todos los ministros licenciados debera?n tener su membresía ministerial en la asamblea DEL distrito al que pertenezca su iglesia local...\"','asamblea del distrito (see comments)',316,3,'\0',NULL),(1157,'Comité Consultivo de Distrito',NULL,'','',317,3,'\0',NULL),(1158,'La Junta Distrital de Ministerios Internacionales de la Escuela Dominical y Discipulado',NULL,'','',318,3,'\0',NULL);
/*!40000 ALTER TABLE `translation` ENABLE KEYS */;
UNLOCK TABLES;
/*!40103 SET TIME_ZONE=@OLD_TIME_ZONE */;

/*!40101 SET SQL_MODE=@OLD_SQL_MODE */;
/*!40014 SET FOREIGN_KEY_CHECKS=@OLD_FOREIGN_KEY_CHECKS */;
/*!40014 SET UNIQUE_CHECKS=@OLD_UNIQUE_CHECKS */;
/*!40101 SET CHARACTER_SET_CLIENT=@OLD_CHARACTER_SET_CLIENT */;
/*!40101 SET CHARACTER_SET_RESULTS=@OLD_CHARACTER_SET_RESULTS */;
/*!40101 SET COLLATION_CONNECTION=@OLD_COLLATION_CONNECTION */;
/*!40111 SET SQL_NOTES=@OLD_SQL_NOTES */;

-- Dump completed on 2018-06-20 11:05:11
